-- phpMyAdmin SQL Dump
-- version 4.9.5deb2
-- https://www.phpmyadmin.net/
--
-- Host: localhost:3306
-- Generation Time: May 17, 2023 at 08:39 PM
-- Server version: 8.0.28-0ubuntu0.20.04.3
-- PHP Version: 8.1.11

SET SQL_MODE = "NO_AUTO_VALUE_ON_ZERO";
SET AUTOCOMMIT = 0;
START TRANSACTION;
SET time_zone = "+00:00";


/*!40101 SET @OLD_CHARACTER_SET_CLIENT=@@CHARACTER_SET_CLIENT */;
/*!40101 SET @OLD_CHARACTER_SET_RESULTS=@@CHARACTER_SET_RESULTS */;
/*!40101 SET @OLD_COLLATION_CONNECTION=@@COLLATION_CONNECTION */;
/*!40101 SET NAMES utf8mb4 */;

--
-- Database: `subgsk`
--

-- --------------------------------------------------------

--
-- Table structure for table `groups`
--

CREATE TABLE `groups` (
  `id_group` bigint UNSIGNED NOT NULL,
  `nama_dpgw` varchar(60) NOT NULL,
  `kode_dpgw` varchar(60) NOT NULL,
  `kota` varchar(60) NOT NULL,
  `provinsi` varchar(60) NOT NULL,
  `agent` varchar(60) NOT NULL
) ENGINE=InnoDB DEFAULT CHARSET=utf8mb3;

--
-- Dumping data for table `groups`
--

INSERT INTO `groups` (`id_group`, `nama_dpgw`, `kode_dpgw`, `kota`, `provinsi`, `agent`) VALUES
(1, 'HO', '76', 'JAKARTA', 'DKI JAKARTA', ''),
(2, 'KOTA1', '138', 'BANDA ACEH', 'NANGGROE ACEH DARUSSALAM', 'GUDANG1'),
(3, 'KOTA2', '144', 'MEDAN', 'SUMATERA UTARA', 'GUDANG2'),
(4, 'KOTA3', '87', 'LABUAN BATU', 'SUMATERA UTARA', 'GUDANG3'),
(5, 'KOTA4', '178', 'PEKANBARU', 'RIAU', 'GUDANG4'),
(6, 'KOTA5', '72', 'BATAM', 'KEPULAUAN RIAU', 'GUDANG5'),
(7, 'KOTA6', '188', 'PADANG', 'SUMATERA BARAT', 'GUDANG6'),
(8, 'KOTA7', '79', 'JAMBI', 'JAMBI', 'GUDANG7'),
(9, 'KOTA8', '52', 'PALEMBANG', 'SUMATERA SELATAN', 'GUDANG8'),
(10, 'KOTA9', '178', 'BENGKULU', 'BENGKULU', 'GUDANG9'),
(11, 'KOTA10', '104', 'BANDAR LAMPUNG', 'LAMPUNG', 'GUDANG10'),
(12, 'KOTA11', '37', 'JAKARTA', 'DKI JAKARTA', 'GUDANG11'),
(13, 'KOTA12', '154', 'JAKARTA', 'DKI JAKARTA', 'GUDANG12'),
(14, 'KOTA13', '45', 'TANGERANG', 'BANTEN', 'GUDANG13'),
(15, 'KOTA14', '54', 'BEKASI', 'JAWA BARAT', 'GUDANG14'),
(16, 'KOTA15', '110', 'BOGOR', 'JAWA BARAT', 'GUDANG15'),
(17, 'KOTA16', '56', 'DEPOK', 'JAWA BARAT', 'GUDANG16'),
(18, 'KOTA17', '9', 'BANDUNG', 'JAWA BARAT', 'GUDANG17'),
(19, 'KOTA18', '180', 'SEMARANG', 'JAWA TENGAH', 'GUDANG18'),
(20, 'KOTA19', '101', 'YOGYAKARTA', 'D.I. YOGYAKARTA', 'GUDANG19'),
(21, 'KOTA20', '85', 'SURABAYA', 'JAWA TIMUR', 'GUDANG20'),
(22, 'KOTA21', '154', 'DENPASAR', 'BALI', 'GUDANG21'),
(23, 'KOTA22', '40', 'MAKASSAR', 'SULAWESI SELATAN', 'GUDANG22'),
(24, 'KOTA23', '170', 'MANADO', 'SULAWESI UTARA', 'GUDANG23'),
(25, 'KOTA24', '138', 'BANJARMASIN', 'KALIMANTAN SELATAN', 'GUDANG24'),
(26, 'KOTA25', '128', 'KOTAWARINGIN TIMUR', 'KALIMANTAN TENGAH', 'GUDANG25'),
(27, 'KOTA26', '10', 'PONTIANAK', 'KALIMANTAN BARAT', 'GUDANG26'),
(28, 'KOTA27', '22', 'BALIKPAPAN', 'KALIMANTAN TIMUR', 'GUDANG27'),
(29, 'KOTA28', '164', 'JAYAPURA', 'PAPUA', 'GUDANG28'),
(30, 'KOTA29', '91', 'BELU', 'NUSA TENGGARA TIMUR', 'GUDANG29');

-- --------------------------------------------------------

--
-- Table structure for table `migrations`
--

CREATE TABLE `migrations` (
  `id` bigint UNSIGNED NOT NULL,
  `version` varchar(255) NOT NULL,
  `class` varchar(255) NOT NULL,
  `group` varchar(255) NOT NULL,
  `namespace` varchar(255) NOT NULL,
  `time` int NOT NULL,
  `batch` int UNSIGNED NOT NULL
) ENGINE=InnoDB DEFAULT CHARSET=utf8mb3;

--
-- Dumping data for table `migrations`
--

INSERT INTO `migrations` (`id`, `version`, `class`, `group`, `namespace`, `time`, `batch`) VALUES
(191, '2023-04-11-061401', 'App\\Database\\Migrations\\CreateUser', 'default', 'App', 1682992317, 1),
(192, '2023-04-12-084002', 'App\\Database\\Migrations\\CreateGroups', 'default', 'App', 1682992317, 1),
(193, '2023-04-13-031403', 'App\\Database\\Migrations\\CreateReprints', 'default', 'App', 1682992317, 1),
(194, '2023-04-15-065012', 'App\\Database\\Migrations\\CreateUndelives', 'default', 'App', 1682992317, 1);

-- --------------------------------------------------------

--
-- Table structure for table `reprints`
--

CREATE TABLE `reprints` (
  `id_reprint` bigint UNSIGNED NOT NULL,
  `Tanggal` date NOT NULL,
  `Shift` enum('PAGI','SORE','MALAM','SIANG') NOT NULL,
  `No_Waybill` varchar(20) NOT NULL,
  `Scan_Sampai` datetime NOT NULL,
  `Tanggal_Reprint` datetime NOT NULL,
  `Area` enum('MANUAL','AUTO') NOT NULL,
  `Tujuan` varchar(50) NOT NULL,
  `id_group` bigint UNSIGNED NOT NULL,
  `Ref_SLA` time NOT NULL,
  `SLA` varchar(20) NOT NULL,
  `Diprint_Oleh` varchar(20) NOT NULL,
  `created_at` datetime DEFAULT NULL,
  `updated_at` datetime DEFAULT NULL,
  `deleted_at` datetime DEFAULT NULL
) ENGINE=InnoDB DEFAULT CHARSET=utf8mb3;

-- --------------------------------------------------------

--
-- Table structure for table `undelives`
--

CREATE TABLE `undelives` (
  `id_undelive` bigint UNSIGNED NOT NULL,
  `Gateway` varchar(20) NOT NULL,
  `No_Waybill` varchar(20) NOT NULL,
  `AWB_DP_Out` varchar(20) NOT NULL,
  `Status_Saatini` varchar(20) NOT NULL,
  `Waktu_Scan` datetime NOT NULL,
  `Tanggal` date NOT NULL,
  `Waktu_Input_AWB` datetime NOT NULL,
  `Sumber_AWB` varchar(20) NOT NULL,
  `Layanan` varchar(20) NOT NULL,
  `Tujuan` varchar(50) DEFAULT NULL,
  `Provinsi` varchar(50) NOT NULL,
  `Lokasi_Selanjutnya` varchar(20) NOT NULL,
  `COD` varchar(20) DEFAULT NULL,
  `DFOD` varchar(20) DEFAULT NULL,
  `COGS` varchar(20) DEFAULT NULL,
  `Nama_Barang` varchar(20) DEFAULT NULL,
  `Tanggal_Share` date DEFAULT NULL,
  `Grup_Case` enum('SUDAH','BELUM') DEFAULT NULL,
  `Progress` varchar(100) DEFAULT NULL,
  `Status_Scan` date DEFAULT NULL,
  `Final_Result` enum('TTD','RETUR','RETUR KOSONGAN','LANJUT','CLAIM HQ','CLAIM SUB999','CLAIM GW INCOMING','CLAIM GW OUTGOING','CLAIM DPPU','CLAIM DP DELIVE') DEFAULT NULL,
  `Claim` varchar(20) DEFAULT NULL,
  `Lightshoot` varchar(150) DEFAULT NULL,
  `Tanggal_Clear` date DEFAULT NULL,
  `Status` enum('TTD','TTD RETURN','SCAN VOID','TERTAHAN RA','SCAN HILANG','PENGAJUAN SCAN HILANG','ALUR JALAN TIAK ADA GRUB CASE','ALUR JALAN ADA GRUB CASE') DEFAULT NULL,
  `SLA` int DEFAULT NULL,
  `id_group` bigint UNSIGNED DEFAULT NULL,
  `Agent_Out` varchar(50) DEFAULT NULL,
  `Agent_Incoming` varchar(50) DEFAULT NULL,
  `Agent_Stuck` enum('Inter Jatim','Antar Agent') DEFAULT NULL,
  `Lama_Stuck` varchar(50) DEFAULT NULL,
  `Status_SLA` enum('OVER SLA','SESUAI DEADLINE','BELUM CLEAR') DEFAULT NULL,
  `Nilai_Gantirugi` decimal(20,2) DEFAULT NULL,
  `id_user` int DEFAULT NULL
) ENGINE=InnoDB DEFAULT CHARSET=utf8mb3;

--
-- Dumping data for table `undelives`
--

INSERT INTO `undelives` (`id_undelive`, `Gateway`, `No_Waybill`, `AWB_DP_Out`, `Status_Saatini`, `Waktu_Scan`, `Tanggal`, `Waktu_Input_AWB`, `Sumber_AWB`, `Layanan`, `Tujuan`, `Provinsi`, `Lokasi_Selanjutnya`, `COD`, `DFOD`, `COGS`, `Nama_Barang`, `Tanggal_Share`, `Grup_Case`, `Progress`, `Status_Scan`, `Final_Result`, `Claim`, `Lightshoot`, `Tanggal_Clear`, `Status`, `SLA`, `id_group`, `Agent_Out`, `Agent_Incoming`, `Agent_Stuck`, `Lama_Stuck`, `Status_SLA`, `Nilai_Gantirugi`, `id_user`) VALUES
(333, 'SBY', '21555', 'SURABAYA_SELATAN', 'Sampai', '2022-12-22 00:50:00', '2022-12-22', '2022-12-21 16:21:00', 'RGLR', 'ZA', 'SAWAH BESAR', 'DKI JAKARTA', 'MADE', '0', '0', NULL, NULL, '2022-12-24', NULL, NULL, NULL, NULL, NULL, NULL, NULL, NULL, NULL, NULL, 'AGENT19', NULL, 'Antar Agent', NULL, NULL, NULL, 1),
(334, 'SBY', '21556', 'LANDASAN_ULIN', 'Sampai', '2022-12-30 18:37:00', '2022-12-30', '2022-12-29 16:21:00', 'RGLR', 'ZA', 'SEKARBELA', 'NUSA TENGGARA BARAT', 'DPS', '0', '0', NULL, NULL, '2023-01-04', NULL, NULL, NULL, NULL, NULL, NULL, NULL, NULL, NULL, NULL, 'AGENT27', NULL, 'Antar Agent', NULL, NULL, NULL, 1),
(335, 'SBY', '21557', 'SUMENEP', 'Kirim ( Darat )', '2022-12-30 17:07:00', '2022-12-30', '2022-12-29 14:07:00', 'RGLR', 'ZA', 'KELAPA GADING', 'DKI JAKARTA', 'SUB', '0', '0', '0', 'Makanan', '2023-01-28', NULL, NULL, NULL, NULL, NULL, NULL, NULL, NULL, NULL, NULL, 'AGENT19', NULL, 'Antar Agent', NULL, NULL, NULL, 1),
(336, 'SBY', '21558', 'CP_MAYOR_OKING', 'Sampai', '2023-01-01 11:16:00', '2023-01-01', '2022-12-30 17:14:00', 'RGLR', 'ZA', 'PONOROGO', 'JAWA TIMUR', 'MDN', '0', '22000', NULL, NULL, '2023-01-03', NULL, NULL, NULL, NULL, NULL, NULL, NULL, NULL, NULL, NULL, 'AGENT14', NULL, 'Antar Agent', NULL, NULL, NULL, 1),
(337, 'SBY', '21559', 'BANDAR_LAMPUNG', 'Sampai', '2023-01-01 12:41:00', '2023-01-01', '2022-12-30 18:48:00', 'LAIN - LAIN', 'ZE', 'BANYUWANGI', 'JAWA TIMUR', 'JKT', '138000', '0', NULL, NULL, '2023-01-03', NULL, NULL, NULL, NULL, NULL, NULL, NULL, NULL, NULL, NULL, 'AGENT10', NULL, 'Antar Agent', NULL, NULL, NULL, 1),
(338, 'SBY', '21560', 'DUKUH_SETRO_2', 'Kirim ( Pesawat )', '2023-01-04 01:50:00', '2023-01-04', '2023-01-03 22:15:00', 'RGLR', 'ZA', 'TANJUNG REDEB', 'KALIMANTAN TIMUR', 'BPN', '0', '0', NULL, NULL, '2023-01-09', NULL, NULL, NULL, NULL, NULL, NULL, NULL, NULL, NULL, NULL, 'AGENT19', NULL, 'Antar Agent', NULL, NULL, NULL, 1),
(339, 'SBY', '21561', 'JAMBANGAN', 'Kirim ( Pesawat )', '2023-01-04 01:58:00', '2023-01-04', '2023-01-03 19:02:00', 'RGLR', 'ZA', 'TANJUNG REDEB', 'KALIMANTAN TIMUR', 'BPN', '0', '0', NULL, NULL, '2023-01-09', NULL, NULL, NULL, NULL, NULL, NULL, NULL, NULL, NULL, NULL, 'AGENT19', NULL, 'Antar Agent', NULL, NULL, NULL, 1),
(340, 'SBY', '21562', 'PAITON', 'Kirim ( Pesawat )', '2023-01-04 04:35:00', '2023-01-04', '2023-01-03 18:45:00', 'LAIN - LAIN', 'ZE', 'TELUK BAYUR', 'KALIMANTAN TIMUR', 'BPN', '364000', '0', NULL, NULL, '2023-01-09', NULL, NULL, NULL, NULL, NULL, NULL, NULL, NULL, NULL, NULL, 'AGENT19', NULL, 'Antar Agent', NULL, NULL, NULL, 1),
(341, 'SBY', '21563', 'GAMBIRAN_1', 'Kirim ( Pesawat )', '2023-01-04 05:39:00', '2023-01-04', '2023-01-03 18:46:00', 'RGLR', 'ZA', 'TANJUNG REDEB', 'KALIMANTAN TIMUR', 'BPN', '0', '0', NULL, NULL, '2023-01-09', NULL, NULL, NULL, NULL, NULL, NULL, NULL, NULL, NULL, NULL, 'AGENT19', NULL, 'Antar Agent', NULL, NULL, NULL, 8),
(342, 'SBY', '21564', 'BULULAWANG', 'Sampai', '2023-01-05 02:59:00', '2023-01-05', '2023-01-04 18:48:00', 'LAIN - LAIN', 'ZE', 'TABANAN', 'BALI', 'GSK2', '330000', '0', NULL, NULL, '2023-01-09', NULL, NULL, NULL, NULL, NULL, NULL, NULL, NULL, NULL, NULL, 'AGENT19', NULL, 'Antar Agent', NULL, NULL, NULL, 8),
(343, 'SBY', '21565', 'BANDAR_LAMPUNG', 'Kirim ( Pesawat )', '2023-01-08 04:36:00', '2023-01-08', '2023-01-06 20:33:00', 'LAIN - LAIN', 'ZE', 'KEMPO', 'NUSA TENGGARA BARAT', 'AMI', '90000', '0', '0', '0', '2023-01-12', NULL, NULL, NULL, NULL, NULL, NULL, NULL, NULL, NULL, NULL, 'AGENT10', NULL, 'Antar Agent', NULL, NULL, NULL, 8),
(344, 'SBY', '21566', 'KELAN', 'Sampai', '2023-01-12 11:47:00', '2023-01-12', '2023-01-10 13:26:00', 'LAIN - LAIN', 'ZE', 'CIKUPA', 'BANTEN', 'DPS', '0', '154000', '#N/A', '#N/A', '2023-01-14', NULL, NULL, NULL, NULL, NULL, NULL, NULL, NULL, NULL, NULL, 'AGENT21', NULL, 'Antar Agent', NULL, NULL, NULL, 8),
(345, 'SBY', '21567', 'SURABAYA_SELATAN', 'Sampai', '2023-01-12 22:25:00', '2023-01-12', '2023-01-12 15:45:00', 'RGLR', 'ZA', 'TELUK BETUNG BARAT', 'LAMPUNG', 'MADE', '0', '0', '0', 'KARTU', '2023-01-18', NULL, NULL, NULL, NULL, NULL, NULL, NULL, NULL, NULL, NULL, 'AGENT19', NULL, 'Antar Agent', NULL, NULL, NULL, 8),
(346, 'SBY', '21568', 'KEDIRI', 'Sampai', '2023-01-15 04:34:00', '2023-01-15', '2022-12-31 14:58:00', 'RGLR', 'ZA', 'TOMOHON TENGAH', 'SULAWESI UTARA', 'MDC', '169000', '0', NULL, NULL, '2023-01-24', NULL, NULL, NULL, NULL, NULL, NULL, NULL, NULL, NULL, NULL, 'AGENT19', NULL, 'Antar Agent', NULL, NULL, NULL, 8),
(347, 'SBY', '21569', 'KALI_RUNGKUT', 'Kirim ( Pesawat )', '2023-01-18 22:55:00', '2023-01-18', '2023-01-18 12:58:00', 'RGLR', 'ZA', 'BULELENG', 'BALI', 'DPS', '0', '0', '0', 'KOSMETIK', '2023-01-23', NULL, NULL, NULL, NULL, NULL, NULL, NULL, NULL, NULL, NULL, 'AGENT19', NULL, 'Antar Agent', NULL, NULL, NULL, 8),
(348, 'SBY', '21570', 'PURWOSARI_PND', 'Kirim ( Darat )', '2023-01-20 03:54:00', '2023-01-20', '2023-01-19 18:02:00', 'LAIN - LAIN', 'ZE', 'BONGGEDE', 'JAWA BARAT', 'JAT', '119000', '0', '119000', 'UMBRELLA hitam,Nutel', '2023-01-23', NULL, NULL, NULL, NULL, NULL, NULL, NULL, NULL, NULL, NULL, 'AGENT19', NULL, 'Antar Agent', NULL, NULL, NULL, 8),
(349, 'SBY', '21571', 'PALU_TIMUR', 'Sampai', '2023-01-20 18:34:00', '2023-01-20', '2023-01-18 17:23:00', 'RGLR', 'ZA', 'WATULIMO', 'JAWA TIMUR', 'PLW', '0', '0', '#N/A', '#N/A', '2023-01-23', NULL, NULL, NULL, NULL, NULL, NULL, NULL, NULL, NULL, NULL, 'AGENT23', NULL, 'Antar Agent', NULL, NULL, NULL, 8),
(350, 'SBY', '21572', 'KARANG_PLOSO_1', 'Kirim ( Pesawat )', '2023-01-26 20:15:00', '2023-01-26', '2023-01-26 07:54:00', 'RGLR', 'ZA', 'PRINGGABAYA', 'NUSA TENGGARA BARAT', 'AMI', '0', '0', '0', 'baju', '2023-01-30', NULL, NULL, NULL, NULL, NULL, NULL, NULL, NULL, NULL, NULL, 'AGENT19', NULL, 'Antar Agent', NULL, NULL, NULL, 8),
(351, 'SBY', '21573', 'PALU_TIMUR', 'Kirim ( Darat )', '2023-01-27 01:27:00', '2023-01-27', '2023-01-26 12:11:00', 'RGLR', 'ZA', 'CAKUNG', 'DKI JAKARTA', 'JAT', '0', '17000', '0', 'ACC', '2023-01-28', NULL, NULL, NULL, NULL, NULL, NULL, NULL, NULL, NULL, NULL, 'AGENT23', NULL, 'Antar Agent', NULL, NULL, NULL, 8),
(352, 'SBY', '21574', 'BUBUTAN_1', 'Kirim ( Pesawat )', '2023-01-27 16:00:00', '2023-01-27', '2023-01-27 08:54:00', 'RGLR', 'ZA', 'BALAESANG', 'SULAWESI TENGAH', 'PLW', '0', '0', '0', '0', '2023-01-30', NULL, NULL, NULL, NULL, NULL, NULL, NULL, NULL, NULL, NULL, 'AGENT19', NULL, 'Antar Agent', NULL, NULL, NULL, 8),
(353, 'SBY', '21575', 'PEKUTATAN', 'Kirim ( Pesawat )', '2023-01-27 19:27:00', '2023-01-27', '2023-01-26 15:38:00', 'RGLR', 'ZA', 'MALALAYANG', 'SULAWESI UTARA', 'MDC', '0', '48000', '#N/A', '#N/A', '2023-01-30', NULL, NULL, NULL, NULL, NULL, NULL, NULL, NULL, NULL, NULL, 'AGENT21', NULL, 'Antar Agent', NULL, NULL, NULL, 8),
(354, 'SBY', '21576', 'ELANG_LAUT', 'Sampai', '2023-01-28 23:06:00', '2023-01-28', '2023-01-27 18:12:00', 'LAIN - LAIN', 'ZE', 'KENJERAN', 'JAWA TIMUR', 'JKT', '139000', '0', '#N/A', '#N/A', '2023-01-30', NULL, NULL, NULL, NULL, NULL, NULL, NULL, NULL, NULL, NULL, 'AGENT11', NULL, 'Antar Agent', NULL, NULL, NULL, 8),
(355, 'SBY', '21577', 'MAGETAN', 'Kirim ( Pesawat )', '2023-01-28 02:41:00', '2023-01-28', '2023-01-27 17:19:00', 'LAIN - LAIN', 'ZE', 'MENGWI', 'BALI', 'DPS', '222000', '0', '222000', 'kaos', '2023-01-31', NULL, NULL, NULL, NULL, NULL, NULL, NULL, NULL, NULL, NULL, 'AGENT19', NULL, 'Antar Agent', NULL, NULL, NULL, 8),
(356, 'SBY', '21578', 'KREMBUNG_1', 'Sampai', '2023-01-29 01:36:00', '2023-01-29', '2023-01-28 19:26:00', 'ZDA', 'ZA', 'CIGOMBONG', 'JAWA BARAT', 'TGR', '0', '0', '103788', '0', '2023-01-31', NULL, NULL, NULL, NULL, NULL, NULL, NULL, NULL, NULL, NULL, 'AGENT19', NULL, 'Antar Agent', NULL, NULL, NULL, 8),
(357, 'SBY', '21579', 'TIDAR', 'Sampai', '2023-01-29 02:54:00', '2023-01-29', '2023-01-28 23:18:00', 'ZDA', 'ZA', 'KABAENA TIMUR', 'SULAWESI TENGGARA', 'TIDAR', '183620', '0', '123120', '0', '2023-02-01', NULL, NULL, NULL, NULL, NULL, NULL, NULL, NULL, NULL, NULL, 'AGENT19', NULL, 'Antar Agent', NULL, NULL, NULL, 8),
(358, 'SBY', '21580', 'WONOMULYO', 'Sampai', '2023-01-30 19:34:00', '2023-01-30', '2023-01-28 13:01:00', 'ZDA', 'ZA', 'TENGGARANG', 'JAWA TIMUR', 'UPG', '0', '0', '#N/A', '#N/A', '2023-02-01', NULL, NULL, NULL, NULL, NULL, NULL, NULL, NULL, NULL, NULL, 'AGENT22', NULL, 'Antar Agent', NULL, NULL, NULL, 8),
(359, 'SBY', '21581', 'BETRO', 'Sampai', '2023-01-30 17:16:00', '2023-01-30', '2023-01-30 14:27:00', 'ZDA', 'ZA', 'PALARAN-SRI', 'KALIMANTAN TIMUR', 'SDA', '234712', '0', '219712', '0', '2023-02-03', NULL, NULL, NULL, NULL, NULL, NULL, NULL, NULL, NULL, NULL, 'AGENT19', NULL, 'Antar Agent', NULL, NULL, NULL, 8),
(360, 'SBY', '21582', 'SEMAMPIR_1', 'Kirim ( Pesawat )', '2023-01-30 19:48:00', '2023-01-30', '2023-01-30 15:41:00', 'RGLR', 'ZA', 'TAHUNA', 'SULAWESI UTARA', '0', '0', '0', '0', 'bumbu', '2023-02-03', NULL, NULL, NULL, NULL, NULL, NULL, NULL, NULL, NULL, NULL, 'AGENT19', NULL, 'Antar Agent', NULL, NULL, NULL, 8),
(361, 'SBY', '21583', 'TAMBAKSARI_1', 'Sampai', '2023-01-31 00:33:00', '2023-01-31', '2023-01-30 18:40:00', 'RGLR', 'ZA', 'BENOWO', 'JAWA TIMUR', 'GUBENG', '0', '0', '0', 'KOSMETIK', '2023-02-02', NULL, NULL, NULL, NULL, NULL, NULL, NULL, NULL, NULL, NULL, 'AGENT19', NULL, 'Inter Jatim', NULL, NULL, NULL, 8),
(362, 'SBY', '21584', 'KALISOSOK', 'Kirim ( Darat )', '2023-01-31 17:43:00', '2023-01-31', '2023-01-31 12:30:00', 'RGLR', 'ZA', 'KEMBANGAN', 'DKI JAKARTA', 'JAT', '0', '0', '0', 'DOC', '2023-02-02', NULL, NULL, NULL, NULL, NULL, NULL, NULL, NULL, NULL, NULL, 'AGENT19', NULL, 'Antar Agent', NULL, NULL, NULL, 8),
(363, 'SBY', '21585', 'BETRO', 'Kirim ( Pesawat )', '2023-01-31 23:57:00', '2023-01-31', '2023-01-31 18:58:00', 'ZDA', 'ZA', 'WITA PONDA', 'SULAWESI TENGAH', 'PLW', '126000', '0', '62000', '0', '2023-02-04', NULL, NULL, NULL, NULL, NULL, NULL, NULL, NULL, NULL, NULL, 'AGENT19', NULL, 'Antar Agent', NULL, NULL, NULL, 8),
(364, 'SBY', '21586', 'BETRO', 'Sampai', '2023-02-01 14:21:00', '2023-02-01', '2023-02-01 10:04:00', 'RGLR', 'ZA', 'KUTA', 'BALI', 'SDA', '0', '0', '0', 'DOKUMEN', '2023-02-04', NULL, NULL, NULL, NULL, NULL, NULL, NULL, NULL, NULL, NULL, 'AGENT19', NULL, 'Antar Agent', NULL, NULL, NULL, 8),
(365, 'SBY', '21587', 'BETRO', 'Kirim ( Pesawat )', '2023-02-01 09:41:00', '2023-02-01', '2023-02-01 04:08:00', 'ZDA', 'ZA', 'SUNGAI TEBELIAN', 'KALIMANTAN BARAT', 'PNK', '76500', '0', '61000', '0', '2023-02-06', NULL, NULL, NULL, NULL, NULL, NULL, NULL, NULL, NULL, NULL, 'AGENT19', NULL, 'Antar Agent', NULL, NULL, NULL, 8),
(366, 'SBY', '21588', 'SUDARMO', 'Sampai', '2023-02-02 13:37:00', '2023-02-02', '2023-02-02 03:22:00', 'ZDA', 'ZA', 'LINGGANG BIGUNG', 'KALIMANTAN TIMUR', 'GSK2', '71000', '0', '17000', '0', '2023-02-06', NULL, NULL, NULL, NULL, NULL, NULL, NULL, NULL, NULL, NULL, 'AGENT19', NULL, 'Antar Agent', NULL, NULL, NULL, 8),
(367, 'SBY', '21589', 'KEBOMAS_1', 'Kirim ( Pesawat )', '2023-02-02 06:56:00', '2023-02-02', '2023-02-02 00:54:00', 'ZDA', 'ZA', 'BAHODOPI', 'SULAWESI TENGAH', 'PLW', '370863', '0', '265636', '0', '2023-02-06', NULL, NULL, NULL, NULL, NULL, NULL, NULL, NULL, NULL, NULL, 'AGENT19', NULL, 'Antar Agent', NULL, NULL, NULL, 8),
(368, 'SBY', '21590', 'BETRO', 'Kirim ( Pesawat )', '2023-02-02 10:30:00', '2023-02-02', '2023-02-02 04:38:00', 'ZDA', 'ZA', 'MOUTONG', 'SULAWESI TENGAH', 'PLW', '86500', '0', '22500', '0', '2023-02-06', NULL, NULL, NULL, NULL, NULL, NULL, NULL, NULL, NULL, NULL, 'AGENT19', NULL, 'Antar Agent', NULL, NULL, NULL, 8),
(369, 'SBY', '21591', 'BANDAR_LAMPUNG', 'Kirim ( Pesawat )', '2023-02-02 08:43:00', '2023-02-02', '2023-01-31 16:31:00', 'LAIN - LAIN', 'ZE', 'KUTA UTARA', 'BALI', 'DPS', '161000', '0', '#N/A', '#N/A', '2023-02-06', NULL, NULL, NULL, NULL, NULL, NULL, NULL, NULL, NULL, NULL, 'AGENT10', NULL, 'Antar Agent', NULL, NULL, NULL, 8),
(370, 'SBY', '21592', 'CERME', 'Kirim ( Pesawat )', '2023-02-03 00:48:00', '2023-02-03', '2023-02-02 10:10:00', 'RGLR', 'ZA', 'CAKRANEGARA', 'NUSA TENGGARA BARAT', 'AMI', '0', '0', '0', 'DOKUMEN PKWT', '2023-02-06', NULL, NULL, NULL, NULL, NULL, NULL, NULL, NULL, NULL, NULL, 'AGENT19', NULL, 'Antar Agent', NULL, NULL, NULL, 12),
(371, 'SBY', '21593', 'TIDAR', 'Sampai', '2023-02-03 04:36:00', '2023-02-03', '2023-02-03 02:32:00', 'ZDA', 'ZA', 'BATU AMPAR-PLR', 'KALIMANTAN SELATAN', 'TIDAR', '60510', '0', '53510', '0', '2023-02-06', NULL, NULL, NULL, NULL, NULL, NULL, NULL, NULL, NULL, NULL, 'AGENT19', NULL, 'Antar Agent', NULL, NULL, NULL, 12),
(372, 'SBY', '21594', 'TIDAR', 'Sampai', '2023-02-03 04:36:00', '2023-02-03', '2023-02-03 02:50:00', 'ZDA', 'ZA', 'BULIK', 'KALIMANTAN TENGAH', 'TIDAR', '155000', '0', '70000', '0', '2023-02-06', NULL, NULL, NULL, NULL, NULL, NULL, NULL, NULL, NULL, NULL, 'AGENT19', NULL, 'Antar Agent', NULL, NULL, NULL, 21),
(373, 'SBY', '21595', 'TIDAR', 'Sampai', '2023-02-03 04:36:00', '2023-02-03', '2023-02-03 03:24:00', 'ZDA', 'ZA', 'TELUK AMBON', 'MALUKU', 'TIDAR', '108120', '0', '45000', '0', '2023-02-06', NULL, NULL, NULL, NULL, NULL, NULL, NULL, NULL, NULL, NULL, 'AGENT19', NULL, 'Antar Agent', NULL, NULL, NULL, 12),
(374, 'SBY', '21596', 'MULYORE_1', 'Kirim ( Darat )', '2023-02-03 22:30:00', '2023-02-03', '2023-02-03 18:15:00', 'LAIN - LAIN', 'ZE', 'JAGAKARSA', 'DKI JAKARTA', 'JAT', '0', '0', '0', '0', '2023-02-06', NULL, NULL, NULL, NULL, NULL, NULL, NULL, NULL, NULL, NULL, 'AGENT19', NULL, 'Antar Agent', NULL, NULL, NULL, 12),
(375, 'SBY', '21597', 'BONTANG', 'Sampai', '2023-02-04 03:17:00', '2023-02-04', '2023-02-02 12:23:00', 'RGLR', 'ZA', 'GEMPOL-PSR', 'JAWA TIMUR', 'BDJ', '0', '0', '#N/A', '#N/A', '2023-02-06', NULL, NULL, NULL, NULL, NULL, NULL, NULL, NULL, NULL, NULL, 'AGENT27', NULL, 'Antar Agent', NULL, NULL, NULL, 12),
(376, 'SBY', '21598', 'MULYORE_1', 'Sampai', '2023-02-04 21:06:00', '2023-02-04', '2023-02-03 17:05:00', 'LAIN - LAIN', 'ZE', 'GENTENG-SUB', 'JAWA TIMUR', 'GUBENG', '0', '0', '0', 'S-00227/TGRPNG/KPP.1', '2023-02-06', NULL, NULL, NULL, NULL, NULL, NULL, NULL, NULL, NULL, NULL, 'AGENT19', NULL, 'Inter Jatim', NULL, NULL, NULL, 12),
(377, 'SBY', '21599', 'BETRO', 'Kirim ( Pesawat )', '2023-02-04 12:03:00', '2023-02-04', '2023-02-04 05:40:00', 'ZDA', 'ZA', 'MALALAYANG', 'SULAWESI UTARA', 'MDC', '95000', '0', '54000', '0', '2023-02-08', NULL, NULL, NULL, NULL, NULL, NULL, NULL, NULL, NULL, NULL, 'AGENT20', NULL, 'Inter Jatim', NULL, NULL, NULL, 12),
(378, 'SBY', '21600', 'BULAK', 'SAMPAI', '2023-02-04 13:19:00', '2023-02-04', '2023-02-07 03:01:00', 'LAIN - LAIN', 'ZE', 'TAMBAKSARI-SUB', 'JAWA TIMUR', 'KENJERAN', '0', '0', '0', 'DOKUMEN,', '2023-02-11', NULL, NULL, NULL, NULL, NULL, NULL, NULL, NULL, NULL, NULL, 'AGENT21', NULL, 'Inter Jatim', NULL, NULL, NULL, 12),
(379, 'SBY', '21601', 'CP_KEBON_LEGA', 'Sampai', '2023-02-05 22:52:00', '2023-02-05', '2023-02-03 22:58:00', 'LAIN - LAIN', 'ZE', 'SAWAHAN-SUB', 'JAWA TIMUR', 'GSK2', '127000', '0', '#N/A', '#N/A', '2023-02-07', NULL, NULL, NULL, NULL, NULL, NULL, NULL, NULL, NULL, NULL, 'AGENT22', NULL, 'Inter Jatim', NULL, NULL, NULL, 12),
(380, 'SBY', '21602', 'DEPOK_SALES', 'Sampai', '2023-02-05 17:33:00', '2023-02-05', '2023-02-04 22:12:00', 'ZDA', 'ZA', 'BATURITI', 'BALI', 'DPS', '49026', '0', '#N/A', '#N/A', '2023-02-08', NULL, NULL, NULL, NULL, NULL, NULL, NULL, NULL, NULL, NULL, 'AGENT23', NULL, 'Inter Jatim', NULL, NULL, NULL, 12),
(381, 'SBY', '21603', 'KEBOMAS_1', 'Kirim ( Pesawat )', '2023-02-05 06:26:00', '2023-02-05', '2023-02-05 02:07:00', 'ZDA', 'ZA', 'NASAL', 'BENGKULU', 'BKS', '68984', '0', '36347', '0', '2023-02-08', NULL, NULL, NULL, NULL, NULL, NULL, NULL, NULL, NULL, NULL, 'AGENT24', NULL, 'Inter Jatim', NULL, NULL, NULL, 9),
(382, 'SBY', '21604', 'TIDAR', 'Kirim ( Pesawat )', '2023-02-05 05:38:00', '2023-02-05', '2023-02-05 03:05:00', 'ZDA', 'ZA', 'ENDE UTARA', 'NUSA TENGGARA TIMUR', 'LAB', '128250', '0', '83750', '0', '2023-02-08', NULL, NULL, NULL, NULL, NULL, NULL, NULL, NULL, NULL, NULL, 'AGENT25', NULL, 'Inter Jatim', NULL, NULL, NULL, 9),
(383, 'SBY', '21605', 'LUMAJANG', 'Sampai', '2023-02-05 02:26:00', '2023-02-05', '2023-02-04 19:07:00', 'RGLR', 'ZA', 'LABUHAN BADAS', 'NUSA TENGGARA BARAT', 'PRO', '0', '0', '0', 'Jersey', '2023-02-08', NULL, NULL, NULL, NULL, NULL, NULL, NULL, NULL, NULL, NULL, 'AGENT26', NULL, 'Inter Jatim', NULL, NULL, NULL, 9),
(384, 'SBY', '21606', 'JATI', 'Sampai', '2023-02-07 06:38:00', '2023-02-07', '2023-02-06 15:35:00', 'ZDA', 'ZA', 'KABANDUNGAN', 'JAWA BARAT', 'PTI', '149500', '0', '#N/A', '#N/A', '2023-02-09', NULL, NULL, NULL, NULL, NULL, NULL, NULL, NULL, NULL, NULL, 'AGENT27', NULL, 'Inter Jatim', NULL, NULL, NULL, 9),
(385, 'SBY', '21607', 'WITAPONDA', 'Sampai', '2023-02-07 18:39:00', '2023-02-07', '2023-01-31 15:48:00', 'RGLR', 'ZA', 'BUBUTAN', 'JAWA TIMUR', 'PLW', '0', '51000', '#N/A', '#N/A', '2023-02-09', NULL, NULL, NULL, NULL, NULL, NULL, NULL, NULL, NULL, NULL, 'AGENT28', NULL, 'Inter Jatim', NULL, NULL, NULL, 9),
(386, 'SBY', '21608', 'ABDUL_KARIM', 'Sampai', '2023-02-07 22:17:00', '2023-02-07', '2023-02-07 17:17:00', 'LAIN - LAIN', 'ZE', 'RUNGKUT', 'JAWA TIMUR', 'RUNGKUT_MENANGGAL', '0', '0', '0', '0', '2023-02-09', NULL, NULL, NULL, NULL, NULL, NULL, NULL, NULL, NULL, NULL, 'AGENT29', NULL, 'Inter Jatim', NULL, NULL, NULL, 9),
(387, 'SBY', '21609', 'SAFELOCK', 'Sampai', '2023-02-07 12:19:00', '2023-02-07', '2023-02-01 01:52:00', 'ZDA', 'ZA', 'HU U', 'NUSA TENGGARA BARAT', 'DPS', '37999', '0', '15499', '0', '2023-02-10', NULL, NULL, NULL, NULL, NULL, NULL, NULL, NULL, NULL, NULL, 'AGENT30', NULL, 'Inter Jatim', NULL, NULL, NULL, 9),
(388, 'SBY', '21610', 'TIDAR', 'Sampai', '2023-02-07 18:52:00', '2023-02-07', '2023-02-02 02:02:00', 'ZDA', 'ZA', 'SAMBELIA', 'NUSA TENGGARA BARAT', 'BPN', '25000', '0', '2500', '0', '2023-02-10', NULL, NULL, NULL, NULL, NULL, NULL, NULL, NULL, NULL, NULL, 'AGENT31', NULL, 'Inter Jatim', NULL, NULL, NULL, 9),
(389, 'SBY', '21611', 'SUDARMO', 'Sampai', '2023-02-07 18:51:00', '2023-02-07', '2023-02-02 03:23:00', 'ZDA', 'ZA', 'SUNGAI PINANG-SRI', 'KALIMANTAN TIMUR', 'BDJ', '112500', '0', '87000', '0', '2023-02-10', NULL, NULL, NULL, NULL, NULL, NULL, NULL, NULL, NULL, NULL, 'AGENT32', NULL, 'Inter Jatim', NULL, NULL, NULL, 9),
(390, 'SBY', '21612', 'TIDAR', 'Kirim ( Pesawat )', '2023-02-07 05:26:00', '2023-02-07', '2023-02-07 03:05:00', 'ZDA', 'ZA', 'BAHODOPI', 'SULAWESI TENGAH', 'PLW', '96000', '0', '35000', '0', '2023-02-10', NULL, NULL, NULL, NULL, NULL, NULL, NULL, NULL, NULL, NULL, 'AGENT33', NULL, 'Inter Jatim', NULL, NULL, NULL, 9),
(391, 'SBY', '21613', 'CP_CITRA_7_1', 'Sampai', '2023-02-08 14:36:00', '2023-02-08', '2023-02-06 14:10:00', 'RGLR', 'ZA', 'MULYORE', 'JAWA TIMUR', 'GSK2', '0', '0', '#N/A', '#N/A', '2023-02-10', NULL, NULL, NULL, NULL, NULL, NULL, NULL, NULL, NULL, NULL, 'AGENT34', NULL, 'Inter Jatim', NULL, NULL, NULL, 9),
(392, 'SBY', '21614', 'GUNUNG_ANYAR', 'Sampai', '2023-02-09 19:24:00', '2023-02-09', '2023-02-09 14:18:00', 'RGLR', 'ZA', 'LOWOKWARU', 'JAWA TIMUR', 'RUNGKUT_1', '0', '0', '0', 'Pakaian', '2023-02-11', NULL, NULL, NULL, NULL, NULL, NULL, NULL, NULL, NULL, NULL, 'AGENT35', NULL, 'Inter Jatim', NULL, NULL, NULL, 9),
(393, 'SBY', '21615', 'BANJARWATI', 'Sampai', '2023-02-09 23:36:00', '2023-02-09', '2023-02-09 10:26:00', 'RGLR', 'ZA', 'SIDOAR', 'JAWA TIMUR', 'GSK2', '0', '0', '0', 'ACC', '2023-02-11', NULL, NULL, NULL, NULL, NULL, NULL, NULL, NULL, NULL, NULL, 'AGENT36', NULL, 'Inter Jatim', NULL, NULL, NULL, 10),
(394, 'SBY', '21616', 'SAFELOCK', 'Kirim ( Pesawat )', '2023-02-09 03:59:00', '2023-02-09', '2023-01-29 02:03:00', 'ZDA', 'ZA', 'TITEHENA', 'NUSA TENGGARA TIMUR', 'BUDURAN_1', '90500', '0', '40000', '0', '2023-02-13', NULL, NULL, NULL, NULL, NULL, NULL, NULL, NULL, NULL, NULL, 'AGENT37', NULL, 'Inter Jatim', NULL, NULL, NULL, 10),
(395, 'SBY', '21617', 'SUDARMO', 'Kirim ( Pesawat )', '2023-02-09 21:54:00', '2023-02-09', '2023-02-09 03:04:00', 'ZDA', 'ZA', 'ROTE SELATAN', 'NUSA TENGGARA TIMUR', 'KOE', '109000', '0', '50000', '0', '2023-02-13', NULL, NULL, NULL, NULL, NULL, NULL, NULL, NULL, NULL, NULL, 'AGENT38', NULL, 'Inter Jatim', NULL, NULL, NULL, 10),
(396, 'SBY', '21618', 'TIDAR', 'Sampai', '2023-02-09 20:33:00', '2023-02-09', '2023-01-28 23:44:00', 'ZDA', 'ZA', 'KAROSSA', 'SULAWESI BARAT', 'UPG', '344000', '0', '205000', '0', '2023-02-13', NULL, NULL, NULL, NULL, NULL, NULL, NULL, NULL, NULL, NULL, 'AGENT39', NULL, 'Inter Jatim', NULL, NULL, NULL, 10),
(397, 'SBY', '21619', 'PATRANG', 'Kirim ( Pesawat )', '2023-02-09 03:22:00', '2023-02-09', '2023-02-08 16:29:00', 'RGLR', 'ZA', 'NUHON', 'SULAWESI TENGAH', 'PLW', '265000', '0', '265000', '1 PAKET REGLOW EXTRA', '2023-02-13', NULL, NULL, NULL, NULL, NULL, NULL, NULL, NULL, NULL, NULL, 'AGENT40', NULL, 'Inter Jatim', NULL, NULL, NULL, 10),
(398, 'SBY', '21620', 'PATRANG', 'Kirim ( Pesawat )', '2023-02-09 03:22:00', '2023-02-09', '2023-02-08 16:30:00', 'RGLR', 'ZA', 'MANTIKULORE', 'SULAWESI TENGAH', 'PLW', '265000', '0', '265000', '1 PAKET BASIC REGLOW', '2023-02-13', NULL, NULL, NULL, NULL, NULL, NULL, NULL, NULL, NULL, NULL, 'AGENT41', NULL, 'Inter Jatim', NULL, NULL, NULL, 10),
(399, 'SBY', '21621', 'SUDARMO', 'Sampai', '2023-02-10 17:00:00', '2023-02-10', '2023-02-10 03:18:00', 'ZDA', 'ZA', 'KASIMBAR', 'SULAWESI TENGAH', 'GSK2', '81136', '0', '28200', '0', '2023-02-13', NULL, NULL, NULL, NULL, NULL, NULL, NULL, NULL, NULL, NULL, 'AGENT42', NULL, 'Inter Jatim', NULL, NULL, NULL, 10),
(400, 'SBY', '21622', 'ARJASA_SBD', 'SAMPAI', '2023-02-10 20:35:00', '2023-02-10', '2023-01-26 18:18:00', 'LAIN - LAIN', 'ZE', 'SEKATAK', 'KALIMANTAN UTARA', 'TRK', '233000', '0', '180000', 'HIJAB INSTAN PREMIUM', '2023-02-16', NULL, NULL, NULL, NULL, NULL, NULL, NULL, NULL, NULL, NULL, 'AGENT43', NULL, 'Inter Jatim', NULL, NULL, NULL, 10),
(401, 'SBY', '21623', 'GERUNG', 'Kirim ( Darat )', '2023-02-11 14:27:00', '2023-02-11', '2023-02-09 07:51:00', 'RGLR', 'ZA', 'JAGAKARSA', 'DKI JAKARTA', 'DPS', '0', '0', '#N/A', '#N/A', '2023-02-13', NULL, NULL, NULL, NULL, NULL, NULL, NULL, NULL, NULL, NULL, 'AGENT44', NULL, 'Inter Jatim', NULL, NULL, NULL, 10),
(402, 'SBY', '21624', 'KARANG_EMPAT_BESAR_2', 'Sampai', '2023-02-11 16:21:00', '2023-02-11', '2023-02-11 11:50:00', 'RGLR', 'ZA', 'TAMBAKSARI-SUB', 'JAWA TIMUR', 'MULYORE', '0', '0', '0', 'Doc', '2023-02-13', NULL, NULL, NULL, NULL, NULL, NULL, NULL, NULL, NULL, NULL, 'AGENT45', NULL, 'Inter Jatim', NULL, NULL, NULL, 10),
(403, 'SBY', '21625', 'TIDAR', 'Kirim ( Pesawat )', '2023-02-11 04:38:00', '2023-02-11', '2023-02-10 23:43:00', 'ZDA', 'ZA', 'MARAWOLA', 'SULAWESI TENGAH', 'PLW', '122100', '0', '59600', '0', '2023-02-13', NULL, NULL, NULL, NULL, NULL, NULL, NULL, NULL, NULL, NULL, 'AGENT46', NULL, 'Inter Jatim', NULL, NULL, NULL, 11),
(404, 'SBY', '21626', 'SUDARMO', 'Sampai', '2023-02-11 16:45:00', '2023-02-11', '2023-02-11 02:32:00', 'ZDA', 'ZA', 'WENANG', 'SULAWESI UTARA', 'GSK2', '0', '0', '246000', '0', '2023-02-13', NULL, NULL, NULL, NULL, NULL, NULL, NULL, NULL, NULL, NULL, 'AGENT47', NULL, 'Inter Jatim', NULL, NULL, NULL, 11),
(405, 'SBY', '21627', 'TANJUNG_PERAK', 'Kirim ( Pesawat )', '2023-02-11 13:32:00', '2023-02-11', '2023-02-11 08:28:00', 'RGLR', 'ZA', 'JEKAN RAYA', 'KALIMANTAN TENGAH', 'PKY', '0', '0', '0', 'ACC', '2023-02-14', NULL, NULL, NULL, NULL, NULL, NULL, NULL, NULL, NULL, NULL, 'AGENT48', NULL, 'Inter Jatim', NULL, NULL, NULL, 11),
(406, 'SBY', '21628', 'MANONJAYA', 'Sampai', '2023-02-12 16:42:00', '2023-02-12', '2023-02-11 17:37:00', 'LAIN - LAIN', 'ZE', 'SANGKAPURA', 'JAWA TIMUR', 'TSK', '0', '0', '#N/A', '#N/A', '2023-02-14', NULL, NULL, NULL, NULL, NULL, NULL, NULL, NULL, NULL, NULL, 'AGENT49', NULL, 'Inter Jatim', NULL, NULL, NULL, 11),
(407, 'SBY', '21629', 'BETRO', 'Sampai', '2023-02-12 06:33:00', '2023-02-12', '2023-02-12 03:22:00', 'ZDA', 'ZA', 'LEMBOR', 'NUSA TENGGARA TIMUR', 'BETRO', '109000', '0', '47000', '0', '2023-02-14', NULL, NULL, NULL, NULL, NULL, NULL, NULL, NULL, NULL, NULL, 'AGENT50', NULL, 'Inter Jatim', NULL, NULL, NULL, 11),
(408, 'SBY', '21630', 'BETRO', 'Kirim ( Pesawat )', '2023-02-12 14:15:00', '2023-02-12', '2023-02-12 03:27:00', 'ZDA', 'ZA', 'POSO PESISIR UTARA', 'SULAWESI TENGAH', 'PLW', '95452', '0', '34800', '0', '2023-02-14', NULL, NULL, NULL, NULL, NULL, NULL, NULL, NULL, NULL, NULL, 'AGENT51', NULL, 'Inter Jatim', NULL, NULL, NULL, 11),
(409, 'SBY', '21631', 'BETRO', 'Sampai', '2023-02-12 23:08:00', '2023-02-12', '2023-02-02 04:30:00', 'ZDA', 'ZA', 'TAMALATEA', 'SULAWESI SELATAN', 'UPG', '96500', '0', '46000', '0', '2023-02-14', NULL, NULL, NULL, NULL, NULL, NULL, NULL, NULL, NULL, NULL, 'AGENT52', NULL, 'Inter Jatim', NULL, NULL, NULL, 11),
(410, 'SBY', '21632', 'KEBOMAS_1', 'Kirim ( Pesawat )', '2023-02-12 05:19:00', '2023-02-12', '2023-02-12 00:17:00', 'ZDA', 'ZA', 'BOKAN KEPULAUAN', 'SULAWESI TENGAH', 'PLW', '139800', '0', '78800', '0', '2023-02-14', NULL, NULL, NULL, NULL, NULL, NULL, NULL, NULL, NULL, NULL, 'AGENT53', NULL, 'Inter Jatim', NULL, NULL, NULL, 11),
(411, 'SBY', '21633', 'BRATANG_GEDE', 'Sampai', '2023-02-13 11:06:00', '2023-02-13', '2023-02-13 09:33:00', 'RGLR', 'ZA', 'BANYUMANIK', 'JAWA TENGAH', 'SUB_SALES', '0', '0', '0', 'undangan', '2023-02-15', NULL, NULL, NULL, NULL, NULL, NULL, NULL, NULL, NULL, NULL, 'AGENT54', NULL, 'Inter Jatim', NULL, NULL, NULL, 11),
(412, 'SBY', '21634', 'SAFELOCK', 'Sampai', '2023-02-13 18:14:00', '2023-02-13', '2023-01-31 02:23:00', 'ZDA', 'ZA', 'TANJUNG SELOR', 'KALIMANTAN UTARA', 'TRK', '59028', '0', '8528', '0', '2023-02-17', NULL, NULL, NULL, NULL, NULL, NULL, NULL, NULL, NULL, NULL, 'AGENT55', NULL, 'Inter Jatim', NULL, NULL, NULL, 11),
(413, 'SBY', '21635', 'SUDARMO', 'Sampai', '2023-02-13 18:29:00', '2023-02-13', '2023-02-08 03:04:00', 'ZDA', 'ZA', 'DUA BOCCOE', 'SULAWESI SELATAN', 'UPG', '77000', '0', '28000', '0', '2023-02-17', NULL, NULL, NULL, NULL, NULL, NULL, NULL, NULL, NULL, NULL, 'AGENT56', NULL, 'Inter Jatim', NULL, NULL, NULL, 12),
(414, 'SBY', '21636', 'MANADO_KAWASAN', 'Sampai', '2023-02-14 03:57:00', '2023-02-14', '2023-02-12 13:48:00', 'RGLR', 'ZA', 'SEMBORO', 'JAWA TIMUR', 'MDC', '0', '0', '#N/A', '#N/A', '2023-02-16', NULL, NULL, NULL, NULL, NULL, NULL, NULL, NULL, NULL, NULL, 'AGENT57', NULL, 'Inter Jatim', NULL, NULL, NULL, 13),
(415, 'SBY', '21637', 'BATUAN_1', 'Sampai', '2023-02-14 02:11:00', '2023-02-14', '2023-02-13 15:35:00', 'RGLR', 'ZA', 'KENJERAN', 'JAWA TIMUR', 'MDR', '0', '0', '0', 'KRUDUNG', '2023-02-16', NULL, NULL, NULL, NULL, NULL, NULL, NULL, NULL, NULL, NULL, 'AGENT58', NULL, 'Inter Jatim', NULL, NULL, NULL, 14),
(416, 'SBY', '21638', 'BETRO', 'Kirim ( Pesawat )', '2023-02-14 16:19:00', '2023-02-14', '2023-02-14 11:31:00', 'ZDA', 'ZA', 'TALIABU BARAT', 'MALUKU UTARA', 'TTE', '333500', '0', '95000', '0', '2023-02-17', NULL, NULL, NULL, NULL, NULL, NULL, NULL, NULL, NULL, NULL, 'AGENT59', NULL, 'Inter Jatim', NULL, NULL, NULL, 1),
(417, 'SBY', '21639', 'BANDAR_LAMPUNG', 'Sampai', '2023-02-14 00:21:00', '2023-02-14', '2023-02-12 16:00:00', 'LAIN - LAIN', 'ZE', 'DENPASAR SELATAN', 'BALI', 'TKG', '70000', '0', '#N/A', '#N/A', '2023-02-17', NULL, NULL, NULL, NULL, NULL, NULL, NULL, NULL, NULL, NULL, 'AGENT60', NULL, 'Inter Jatim', NULL, NULL, NULL, 2),
(418, 'SBY', '21640', 'BETRO', 'Kirim ( Pesawat )', '2023-02-14 12:06:00', '2023-02-14', '2023-02-14 02:43:00', 'ZDA', 'ZA', 'ROTE BARAT', 'NUSA TENGGARA TIMUR', 'KOE', '652000', '0', '537000', '0', '2023-02-17', NULL, NULL, NULL, NULL, NULL, NULL, NULL, NULL, NULL, NULL, 'AGENT61', NULL, 'Inter Jatim', NULL, NULL, NULL, 3),
(419, 'SBY', '21641', 'KALITIDU', 'Kirim ( Pesawat )', '2023-02-14 03:30:00', '2023-02-14', '2023-02-13 17:17:00', 'RGLR', 'ZA', 'DEMPO TENGAH', 'SUMATERA SELATAN', 'PLM', '230000', '0', '230000', 'plat mobil putih str', '2023-02-17', NULL, NULL, NULL, NULL, NULL, NULL, NULL, NULL, NULL, NULL, 'AGENT62', NULL, 'Inter Jatim', NULL, NULL, NULL, 4),
(420, 'SBY', '21642', 'GRAND_BATAVIA', 'Sampai', '2023-02-15 23:08:00', '2023-02-15', '2023-02-14 19:04:00', 'RGLR', 'ZA', 'PAKAL', 'JAWA TIMUR', 'SEG', '0', '0', '#N/A', '#N/A', '2023-02-17', NULL, NULL, NULL, NULL, NULL, NULL, NULL, NULL, NULL, NULL, 'AGENT63', NULL, 'Inter Jatim', NULL, NULL, NULL, 12),
(421, 'SBY', '21643', 'SUDARMO', 'Kirim ( Pesawat )', '2023-02-15 19:38:00', '2023-02-15', '2023-02-15 03:02:00', 'ZDA', 'ZA', 'TOMINI', 'SULAWESI TENGAH', 'PLW', '79835', '0', '23000', '0', '2023-02-18', NULL, NULL, NULL, NULL, NULL, NULL, NULL, NULL, NULL, NULL, 'AGENT64', NULL, 'Inter Jatim', NULL, NULL, NULL, 12),
(422, 'SBY', '21644', 'TIDAR', 'Sampai', '2023-02-15 03:55:00', '2023-02-15', '2023-02-15 02:27:00', 'ZDA', 'ZA', 'TEBAT KARAI', 'BENGKULU', 'TIDAR', '700400', '0', '684900', '0', '2023-02-21', NULL, NULL, NULL, NULL, NULL, NULL, NULL, NULL, NULL, NULL, 'AGENT65', NULL, 'Inter Jatim', NULL, NULL, NULL, 7),
(423, 'SBY', '21645', 'TIDAR', 'Kirim ( Pesawat )', '2023-02-15 04:01:00', '2023-02-15', '2023-02-15 02:25:00', 'ZDA', 'ZA', 'PEMENANG', 'NUSA TENGGARA BARAT', 'AMI', '790000', '0', '750000', '0', '2023-02-21', NULL, NULL, NULL, NULL, NULL, NULL, NULL, NULL, NULL, NULL, 'AGENT66', NULL, 'Inter Jatim', NULL, NULL, NULL, 8),
(424, 'SBY', '21646', 'SAMARINDA_ILIR', 'Sampai', '2023-02-16 00:04:00', '2023-02-16', '2023-02-13 18:04:00', 'RGLR', 'ZA', 'MANTUP', 'JAWA TIMUR', 'BPN', '0', '0', '#N/A', '#N/A', '2023-02-17', NULL, NULL, NULL, NULL, NULL, NULL, NULL, NULL, NULL, NULL, 'AGENT67', NULL, 'Inter Jatim', NULL, NULL, NULL, 12),
(425, 'SBY', '21647', 'KOTA_SUMENEP_1', 'SAMPAI', '2023-02-16 02:10:00', '2023-02-16', '2023-02-15 11:28:00', 'RGLR', 'ZA', 'WARU-SDA', 'JAWA TIMUR', 'MDR', '0', '0', '0', 'PAKAIAN', '2023-02-18', NULL, NULL, NULL, NULL, NULL, NULL, NULL, NULL, NULL, NULL, 'AGENT68', NULL, 'Inter Jatim', NULL, NULL, NULL, 4),
(426, 'SBY', '21648', 'BALONGSARI_KRAJAN', 'SAMPAI', '2023-02-16 15:33:00', '2023-02-16', '2023-02-16 12:03:00', 'RGLR', 'ZA', 'SEMAMPIR', 'JAWA TIMUR', 'SURABAYA_BARAT', '0', '0', '0', 'COSMETIK', '2023-02-18', NULL, NULL, NULL, NULL, NULL, NULL, NULL, NULL, NULL, NULL, 'AGENT69', NULL, 'Inter Jatim', NULL, NULL, NULL, 4),
(427, 'SBY', '21649', 'WARU', 'SAMPAI', '2023-02-16 13:29:00', '2023-02-16', '2023-02-16 09:56:00', 'RGLR', 'ZA', 'SETIABUDI', 'DKI JAKARTA', 'WARU', '0', '0', '0', '0', '2023-02-18', NULL, NULL, NULL, NULL, NULL, NULL, NULL, NULL, NULL, NULL, 'AGENT70', NULL, 'Inter Jatim', NULL, NULL, NULL, 4),
(428, 'SBY', '21650', 'KREMBUNG_1', 'SAMPAI', '2023-02-16 23:54:00', '2023-02-16', '2023-02-03 15:56:00', 'ZDA', 'ZA', 'LINGGANG BIGUNG', 'KALIMANTAN TIMUR', 'BPN', '80000', '0', '50000', '0', '2023-02-20', NULL, NULL, NULL, NULL, NULL, NULL, NULL, NULL, NULL, NULL, 'AGENT71', NULL, 'Inter Jatim', NULL, NULL, NULL, 4),
(429, 'SBY', '21651', 'CENTERPOINT', 'SAMPAI', '2023-02-16 06:24:00', '2023-02-16', '2023-02-16 03:33:00', 'ZDA', 'ZA', 'TAWALIAN', 'SULAWESI BARAT', 'CENTERPOINT', '95500', '0', '50000', '0', '2023-02-20', NULL, NULL, NULL, NULL, NULL, NULL, NULL, NULL, NULL, NULL, 'AGENT72', NULL, 'Inter Jatim', NULL, NULL, NULL, 4),
(430, 'SBY', '21652', 'WARU', 'Kirim ( Pesawat )', '2023-02-16 23:15:00', '2023-02-16', '2023-02-16 11:14:00', 'RGLR', 'ZA', 'TALIWANG', 'NUSA TENGGARA BARAT', 'AMI', '0', '0', '0', '0', '2023-02-20', NULL, NULL, NULL, NULL, NULL, NULL, NULL, NULL, NULL, NULL, 'AGENT73', NULL, 'Inter Jatim', NULL, NULL, NULL, 4),
(431, 'SBY', '21653', 'MOSARI', 'Paket Bermasalah', '2023-02-16 05:07:00', '2023-02-16', '2023-02-15 07:41:00', 'RGLR', 'ZA', 'PENEBEL', 'BALI', '0', '0', '0', '0', 'BPKB ASLI', '2023-02-20', NULL, NULL, NULL, NULL, NULL, NULL, NULL, NULL, NULL, NULL, 'AGENT74', NULL, 'Inter Jatim', NULL, NULL, NULL, 4),
(432, 'SBY', '21654', 'PAITON_1', 'SAMPAI', '2023-02-16 23:41:00', '2023-02-16', '2023-02-04 19:22:00', 'RGLR', 'ZA', 'TANJUNG PALAS BARAT', 'KALIMANTAN UTARA', 'TRK', '210000', '0', '210000', 'Gigi', '2023-02-20', NULL, NULL, NULL, NULL, NULL, NULL, NULL, NULL, NULL, NULL, 'AGENT75', NULL, 'Inter Jatim', NULL, NULL, NULL, 3),
(433, 'SBY', '21655', 'KREMBUNG_1', 'Kirim ( Darat )', '2023-02-16 21:54:00', '2023-02-16', '2023-02-16 15:59:00', 'ZDA', 'ZA', 'WERU-SMB', 'JAWA BARAT', 'BDO', '61000', '0', '48000', '0', '2023-02-21', NULL, NULL, NULL, NULL, NULL, NULL, NULL, NULL, NULL, NULL, 'AGENT76', NULL, 'Inter Jatim', NULL, NULL, NULL, 4),
(434, 'SBY', '21656', 'SOEHAT', 'Kirim ( Darat )', '2023-02-17 21:49:00', '2023-02-17', '2023-02-17 10:43:00', 'RGLR', 'ZA', 'SANGATA UTARA', 'KALIMANTAN TIMUR', 'GSK2', '0', '0', '0', 'DOC', '2023-02-20', NULL, NULL, NULL, NULL, NULL, NULL, NULL, NULL, NULL, NULL, 'AGENT77', NULL, 'Inter Jatim', NULL, NULL, NULL, 5),
(435, 'SBY', '21657', 'LOWOKWARU', 'SAMPAI', '2023-02-17 23:56:00', '2023-02-17', '2023-02-17 11:35:00', 'RGLR', 'ZA', 'NATAR', 'LAMPUNG', 'GSK2', '0', '0', '750000', 'STNK', '2023-02-20', NULL, NULL, NULL, NULL, NULL, NULL, NULL, NULL, NULL, NULL, 'AGENT78', NULL, 'Inter Jatim', NULL, NULL, NULL, 6),
(436, 'SBY', '21658', 'PABEAN_CANTIAN_3', 'Kirim ( Darat )', '2023-02-17 08:01:00', '2023-02-17', '2023-02-16 09:49:00', 'RGLR', 'ZA', 'TANAH ABANG-JKT', 'DKI JAKARTA', 'JAT', '0', '0', '0', 'DOKUMEN', '2023-02-20', NULL, NULL, NULL, NULL, NULL, NULL, NULL, NULL, NULL, NULL, 'AGENT79', NULL, 'Inter Jatim', NULL, NULL, NULL, 7),
(437, 'SBY', '21659', 'BETRO', 'SAMPAI', '2023-02-17 00:09:00', '2023-02-17', '2023-02-16 17:40:00', 'ZDA', 'ZA', 'TENGGARONG', 'KALIMANTAN TIMUR', 'SDA', '104240', '0', '42000', '0', '2023-02-20', NULL, NULL, NULL, NULL, NULL, NULL, NULL, NULL, NULL, NULL, 'AGENT80', NULL, 'Inter Jatim', NULL, NULL, NULL, 8),
(438, 'SBY', '21660', 'TAMAN_RAYA', 'Sampai', '2023-02-17 20:47:00', '2023-02-17', '2023-02-17 16:25:00', 'RGLR', 'ZA', 'TABANAN', 'BALI', 'TAMAN', '0', '0', '0', 'Dokumen', '2023-02-21', NULL, NULL, NULL, NULL, NULL, NULL, NULL, NULL, NULL, NULL, 'AGENT81', NULL, 'Inter Jatim', NULL, NULL, NULL, 9),
(439, 'SBY', '21661', 'WIYUNG', 'Sampai', '2023-02-17 23:12:00', '2023-02-17', '2023-02-17 18:59:00', 'RGLR', 'ZA', 'SIDOAR', 'JAWA TIMUR', 'BABATAN', '0', '0', '0', 'DOKUMEN', '2023-02-21', NULL, NULL, NULL, NULL, NULL, NULL, NULL, NULL, NULL, NULL, 'AGENT82', NULL, 'Inter Jatim', NULL, NULL, NULL, 10),
(440, 'SBY', '21662', 'WIYUNG', 'SAMPAI', '2023-02-18 15:36:00', '2023-02-18', '2023-02-18 13:36:00', 'LAIN - LAIN', 'ZE', 'SAMBIKEREP', 'JAWA TIMUR', 'WIYUNG', '0', '0', '0', '0', '2023-02-20', NULL, NULL, NULL, NULL, NULL, NULL, NULL, NULL, NULL, NULL, 'AGENT83', NULL, 'Inter Jatim', NULL, NULL, NULL, 11),
(441, 'SBY', '21663', 'GUNUNG_KELUA', 'SAMPAI', '2023-02-18 19:36:00', '2023-02-18', '2023-02-16 13:46:00', 'RGLR', 'ZA', 'UDANAWU', 'JAWA TIMUR', 'BPN', '0', '0', '#N/A', '#N/A', '2023-02-20', NULL, NULL, NULL, NULL, NULL, NULL, NULL, NULL, NULL, NULL, 'AGENT84', NULL, 'Inter Jatim', NULL, NULL, NULL, 12),
(442, 'SBY', '21664', 'CP_KRAMAT_SENTIONG', 'SAMPAI', '2023-02-18 03:14:00', '2023-02-18', '2023-02-16 19:34:00', 'RGLR', 'ZA', 'KENJERAN', 'JAWA TIMUR', 'GSK2', '0', '0', '#N/A', '#N/A', '2023-02-20', NULL, NULL, NULL, NULL, NULL, NULL, NULL, NULL, NULL, NULL, 'AGENT85', NULL, 'Inter Jatim', NULL, NULL, NULL, 13),
(443, 'SBY', '21665', 'MAPANGET', 'SAMPAI', '2023-02-18 23:25:00', '2023-02-18', '2023-02-17 13:15:00', 'RGLR', 'ZA', 'TENGGILIS MEYO', 'JAWA TIMUR', 'MDC', '0', '0', '#N/A', '#N/A', '2023-02-20', NULL, NULL, NULL, NULL, NULL, NULL, NULL, NULL, NULL, NULL, 'AGENT86', NULL, 'Inter Jatim', NULL, NULL, NULL, 14),
(444, 'SBY', '21666', 'SEPINGGAN', 'SAMPAI', '2023-02-18 19:30:00', '2023-02-18', '2023-02-17 13:34:00', 'RGLR', 'ZA', 'BLIMBING', 'JAWA TIMUR', 'BPN', '0', '0', '#N/A', '#N/A', '2023-02-20', NULL, NULL, NULL, NULL, NULL, NULL, NULL, NULL, NULL, NULL, 'AGENT87', NULL, 'Inter Jatim', NULL, NULL, NULL, 9),
(445, 'SBY', '21667', 'WARU', 'SAMPAI', '2023-02-18 16:25:00', '2023-02-18', '2023-02-18 10:11:00', 'RGLR', 'ZA', 'BANYUMANIK', 'JAWA TENGAH', 'WARU', '0', '0', '0', 'PAKET', '2023-02-20', NULL, NULL, NULL, NULL, NULL, NULL, NULL, NULL, NULL, NULL, 'AGENT88', NULL, 'Inter Jatim', NULL, NULL, NULL, 9),
(446, 'SBY', '21668', 'BANDAR_LAMPUNG', 'SAMPAI', '2023-02-18 01:37:00', '2023-02-18', '2023-02-16 19:41:00', 'LAIN - LAIN', 'ZE', 'DAWAN', 'BALI', 'TKG', '72000', '0', '#N/A', '#N/A', '2023-02-21', 'SUDAH', 'test', '2023-05-17', 'CLAIM GW INCOMING', 'Pilih Claim Pembeban', 'tes', '2023-05-17', 'TERTAHAN RA', 2112, NULL, 'AGENT89', NULL, 'Inter Jatim', '88', 'OVER SLA', '20000.00', 9),
(447, 'SBY', '21669', 'BETRO', 'SAMPAI', '2023-02-18 00:36:00', '2023-02-18', '2023-01-31 04:42:00', 'ZDA', 'ZA', 'TIRAWUTA', 'SULAWESI TENGGARA', 'UPG', '134060', '0', '85560', '0', '2023-02-21', 'BELUM', 'tes2', '2023-05-17', 'CLAIM GW INCOMING', 'Pilih Claim Pembeban', '', '2023-05-17', 'TERTAHAN RA', 2112, NULL, 'AGENT90', NULL, 'Inter Jatim', '88', 'OVER SLA', '1000.00', 9),
(448, 'SBY', '21670', 'TIDAR', 'Kirim ( Pesawat )', '2023-02-18 18:43:00', '2023-02-18', '2023-02-18 02:54:00', 'ZDA', 'ZA', 'KETAHUN', 'BENGKULU', 'BKS', '41600', '0', '5100', '0', '2023-02-21', NULL, NULL, NULL, NULL, NULL, NULL, NULL, NULL, NULL, NULL, 'AGENT91', NULL, 'Inter Jatim', NULL, NULL, NULL, 5),
(449, 'SBY', '21671', 'SAFELOCK', 'Kirim ( Pesawat )', '2023-02-18 03:40:00', '2023-02-18', '2023-02-18 01:12:00', 'ZDA', 'ZA', 'BIREM BAYEUN', 'NANGGROE ACEH DARUSSALAM', 'BTJ', '390844', '0', '295844', '0', '2023-02-21', NULL, NULL, NULL, NULL, NULL, NULL, NULL, NULL, NULL, NULL, 'AGENT92', NULL, 'Inter Jatim', NULL, NULL, NULL, 6),
(450, 'SBY', '21672', 'BETRO', 'Kirim ( Pesawat )', '2023-02-18 08:33:00', '2023-02-18', '2023-02-18 04:46:00', 'ZDA', 'ZA', 'SEBUKU', 'KALIMANTAN UTARA', 'TRK', '165390', '0', '118305', '0', '2023-02-21', NULL, NULL, NULL, NULL, NULL, NULL, NULL, NULL, NULL, NULL, 'AGENT93', NULL, 'Inter Jatim', NULL, NULL, NULL, 9),
(451, 'SBY', '21673', 'PURWODADI_1', 'Sampai', '2023-02-19 09:41:00', '2023-02-19', '2023-02-18 16:42:00', 'RGLR', 'ZA', 'DUKUH PAKIS', 'JAWA TIMUR', 'GSK2', '0', '0', '0', 'DOKUMEN', '2023-02-21', NULL, NULL, NULL, NULL, NULL, NULL, NULL, NULL, NULL, NULL, 'AGENT94', NULL, 'Inter Jatim', NULL, NULL, NULL, 9),
(452, 'SBY', '21674', 'WONOKROMO', 'Paket Bermasalah', '2023-02-19 09:20:00', '2023-02-19', '2023-02-17 20:42:00', 'LAIN - LAIN', 'ZE', 'SELONG', 'NUSA TENGGARA BARAT', '0', '0', '0', '672000', 'Mozaik Navy Blue', '2023-02-22', 'BELUM', 'tes3', '2023-05-17', 'CLAIM HQ', 'Pilih Claim Pembeban', '', '2023-05-17', 'TERTAHAN RA', 2088, NULL, 'AGENT95', NULL, 'Inter Jatim', '87', 'OVER SLA', '100.00', 9),
(453, 'SBY', '21675', 'TIDAR', 'Kirim ( Pesawat )', '2023-02-19 01:01:00', '2023-02-19', '2023-02-18 02:53:00', 'ZDA', 'ZA', 'PUUWATU', 'SULAWESI TENGGARA', 'KDI', '132500', '0', '85000', '0', '2023-02-22', NULL, NULL, NULL, NULL, NULL, NULL, NULL, NULL, NULL, NULL, 'AGENT96', NULL, 'Inter Jatim', NULL, NULL, NULL, 10),
(454, 'SBY', '21676', 'CENTERPOINT', 'Sampai', '2023-02-19 14:33:00', '2023-02-19', '2023-02-14 03:29:00', 'ZDA', 'ZA', 'MURUNG', 'KALIMANTAN TENGAH', 'CENTERPOINT', '57950', '0', '33500', '0', '2023-02-22', NULL, NULL, NULL, NULL, NULL, NULL, NULL, NULL, NULL, NULL, 'AGENT97', NULL, 'Inter Jatim', NULL, NULL, NULL, 11),
(455, 'SBY', '21677', 'CENTERPOINT', 'Sampai', '2023-02-19 14:33:00', '2023-02-19', '2023-02-14 04:48:00', 'ZDA', 'ZA', 'PATAMPANUA', 'SULAWESI SELATAN', 'CENTERPOINT', '99500', '0', '50000', '0', '2023-02-22', NULL, NULL, NULL, NULL, NULL, NULL, NULL, NULL, NULL, NULL, 'AGENT98', NULL, 'Inter Jatim', NULL, NULL, NULL, 12),
(456, 'SBY', '21678', 'CENTERPOINT', 'Sampai', '2023-02-19 14:33:00', '2023-02-19', '2023-02-14 04:48:00', 'ZDA', 'ZA', 'MIHING RAYA', 'KALIMANTAN TENGAH', 'CENTERPOINT', '139500', '0', '75000', '0', '2023-02-22', NULL, NULL, NULL, NULL, NULL, NULL, NULL, NULL, NULL, NULL, 'AGENT99', NULL, 'Inter Jatim', NULL, NULL, NULL, 13),
(457, 'SBY', '21679', 'CENTERPOINT', 'Sampai', '2023-02-19 14:33:00', '2023-02-19', '2023-02-14 04:48:00', 'ZDA', 'ZA', 'LAHEI BARAT', 'KALIMANTAN TENGAH', 'CENTERPOINT', '137700', '0', '95000', '0', '2023-02-22', NULL, NULL, NULL, NULL, NULL, NULL, NULL, NULL, NULL, NULL, 'AGENT100', NULL, 'Inter Jatim', NULL, NULL, NULL, 14),
(458, 'SBY', '21680', 'CENTERPOINT', 'Sampai', '2023-02-19 14:33:00', '2023-02-19', '2023-02-14 03:29:00', 'ZDA', 'ZA', 'PANGALE', 'SULAWESI BARAT', 'CENTERPOINT', '85500', '0', '50000', '0', '2023-02-22', NULL, NULL, NULL, NULL, NULL, NULL, NULL, NULL, NULL, NULL, 'AGENT101', NULL, 'Inter Jatim', NULL, NULL, NULL, 1),
(459, 'SBY', '21681', 'PANJI', 'Kirim ( Pesawat )', '2023-02-20 22:02:00', '2023-02-20', '2023-02-19 19:28:00', 'RGLR', 'ZA', 'LOBALAIN', 'NUSA TENGGARA TIMUR', 'KOE', '220000', '0', '220000', 'Salep Kutilat penghi', '2023-02-23', NULL, NULL, NULL, NULL, NULL, NULL, NULL, NULL, NULL, NULL, 'AGENT102', NULL, 'Inter Jatim', NULL, NULL, NULL, 2),
(460, 'SBY', '21682', 'BETRO', 'Sampai', '2023-02-20 16:48:00', '2023-02-20', '2023-01-29 04:17:00', 'ZDA', 'ZA', 'BUNGKU TENGAH', 'SULAWESI TENGAH', 'PLW', '56500', '0', '1000', '0', '2023-02-23', NULL, NULL, NULL, NULL, NULL, NULL, NULL, NULL, NULL, NULL, 'AGENT103', NULL, 'Inter Jatim', NULL, NULL, NULL, 3),
(461, 'SBY', '21683', 'CIHAMPELAS', 'Sampai', '2023-02-20 16:46:00', '2023-02-20', '2023-02-04 04:53:00', 'ZDA', 'ZA', 'LIANG', 'SULAWESI TENGAH', 'PLW', '139675', '0', '#N/A', '#N/A', '2023-02-23', NULL, NULL, NULL, NULL, NULL, NULL, NULL, NULL, NULL, NULL, 'AGENT104', NULL, 'Inter Jatim', NULL, NULL, NULL, 4),
(462, 'SBY', '21684', 'RAYA_TENGGILIS', 'Kirim ( Pesawat )', '2023-02-20 22:10:00', '2023-02-20', '2023-02-20 18:03:00', 'TKT', 'ZA', 'SEKARBELA', 'NUSA TENGGARA BARAT', 'AMI', '63499', '0', '63499', 'Lensa Kontak SISSE L', '2023-03-15', NULL, NULL, NULL, NULL, NULL, NULL, NULL, NULL, NULL, NULL, 'AGENT105', NULL, 'Inter Jatim', NULL, NULL, NULL, 5),
(463, 'SBY', '21685', 'WIYUNG', 'Kirim ( Darat )', '2023-02-21 00:03:00', '2023-02-21', '2023-02-20 22:51:00', 'ZDA', 'ZA', 'GEKBRONG', 'JAWA BARAT', 'CRN', '87773', '0', '91000', '0', '2023-02-22', NULL, NULL, NULL, NULL, NULL, NULL, NULL, NULL, NULL, NULL, 'AGENT106', NULL, 'Inter Jatim', NULL, NULL, NULL, 6),
(464, 'SBY', '21686', 'ARIEF_RAHMAN_HAKIM', 'Sampai', '2023-02-21 18:31:00', '2023-02-21', '2023-02-21 15:20:00', 'RGLR', 'ZA', 'SIDOAR', 'JAWA TIMUR', 'SUKOLILO', '0', '0', '0', 'Dokumen', '2023-02-23', NULL, NULL, NULL, NULL, NULL, NULL, NULL, NULL, NULL, NULL, 'AGENT107', NULL, 'Inter Jatim', NULL, NULL, NULL, 7),
(465, 'SBY', '21687', 'ARIEF_RAHMAN_HAKIM', 'Sampai', '2023-02-21 18:31:00', '2023-02-21', '2023-02-21 15:20:00', 'RGLR', 'ZA', 'TULANGAN', 'JAWA TIMUR', 'SUKOLILO', '0', '0', '0', 'Dokumen', '2023-02-23', NULL, NULL, NULL, NULL, NULL, NULL, NULL, NULL, NULL, NULL, 'AGENT108', NULL, 'Inter Jatim', NULL, NULL, NULL, 8),
(466, 'SBY', '21688', 'MUARA_BADAK', 'Sampai', '2023-02-21 22:55:00', '2023-02-21', '2023-02-16 16:23:00', 'RGLR', 'ZA', 'NGARIBOYO', 'JAWA TIMUR', 'BPN', '0', '0', '#N/A', '#N/A', '2023-02-23', NULL, NULL, NULL, NULL, NULL, NULL, NULL, NULL, NULL, NULL, 'AGENT109', NULL, 'Inter Jatim', NULL, NULL, NULL, 9),
(467, 'SBY', '21689', 'SEPULU', 'Sampai', '2023-02-21 00:07:00', '2023-02-21', '2023-02-20 15:04:00', 'RGLR', 'ZA', 'DENPASAR BARAT', 'BALI', 'MDR', '0', '0', '0', 'DOKUMEN', '2023-02-27', NULL, NULL, NULL, NULL, NULL, NULL, NULL, NULL, NULL, NULL, 'AGENT110', NULL, 'Inter Jatim', NULL, NULL, NULL, 10),
(468, 'SBY', '21690', 'SUKOLILO', 'Kirim ( Pesawat )', '2023-02-21 00:20:00', '2023-02-21', '2023-02-20 18:58:00', 'RGLR', 'ZA', 'DENPASAR SELATAN', 'BALI', 'DPS', '0', '0', '0', 'Acc', '2023-02-27', NULL, NULL, NULL, NULL, NULL, NULL, NULL, NULL, NULL, NULL, 'AGENT111', NULL, 'Inter Jatim', NULL, NULL, NULL, 11),
(469, 'SBY', '21691', 'KARANG_EMPAT_BESAR_2', 'Sampai', '2023-02-21 21:14:00', '2023-02-21', '2023-02-21 16:59:00', 'RGLR', 'ZA', 'TEMBUNG', 'SUMATERA UTARA', 'MULYORE', '0', '0', '0', 'RAMBUT', '2023-02-27', NULL, NULL, NULL, NULL, NULL, NULL, NULL, NULL, NULL, NULL, 'AGENT112', NULL, 'Inter Jatim', NULL, NULL, NULL, 12),
(470, 'SBY', '21692', 'SUDARMO', 'Sampai', '2023-02-21 00:21:00', '2023-02-21', '2023-02-07 03:35:00', 'ZDA', 'ZA', 'KENDARI BARAT', 'SULAWESI TENGGARA', 'KDI', '54500', '0', '7000', '7000', '2023-02-27', NULL, NULL, NULL, NULL, NULL, NULL, NULL, NULL, NULL, NULL, 'AGENT113', NULL, 'Inter Jatim', NULL, NULL, NULL, 13),
(471, 'SBY', '21693', 'MPUNDA', 'Paket Bermasalah', '2023-02-21 14:03:00', '2023-02-21', '2023-02-16 10:47:00', 'RGLR', 'ZA', 'BIRING KANAYA', 'SULAWESI SELATAN', '0', '0', '0', '#N/A', '#N/A', '2023-02-27', NULL, NULL, NULL, NULL, NULL, NULL, NULL, NULL, NULL, NULL, 'AGENT114', NULL, 'Inter Jatim', NULL, NULL, NULL, 14),
(472, 'SBY', '21694', 'SAMANHUDI_LAWEYAN', 'Sampai', '2023-02-22 20:40:00', '2023-02-22', '2023-02-21 14:26:00', 'RGLR', 'ZA', 'WONOSARI-KPJ', 'JAWA TIMUR', 'GSK2', '0', '25000', '#N/A', '#N/A', '2023-02-24', NULL, NULL, NULL, NULL, NULL, NULL, NULL, NULL, NULL, NULL, 'AGENT115', NULL, 'Inter Jatim', NULL, NULL, NULL, 1),
(473, 'SBY', '21695', 'TAMAN', 'Sampai', '2023-02-22 21:49:00', '2023-02-22', '2023-02-22 16:21:00', 'RGLR', 'ZA', 'DRIYORE', 'JAWA TIMUR', 'TAMAN', '0', '0', '0', 'Doc', '2023-02-25', NULL, NULL, NULL, NULL, NULL, NULL, NULL, NULL, NULL, NULL, 'AGENT116', NULL, 'Inter Jatim', NULL, NULL, NULL, 2),
(474, 'SBY', '21696', 'SUDARMO', 'Kirim ( Pesawat )', '2023-02-22 18:21:00', '2023-02-22', '2023-02-22 03:21:00', 'ZDA', 'ZA', 'TAHUNA', 'SULAWESI UTARA', 'MDC', '126500', '0', '55500', '0', '2023-02-27', NULL, NULL, NULL, NULL, NULL, NULL, NULL, NULL, NULL, NULL, 'AGENT117', NULL, 'Inter Jatim', NULL, NULL, NULL, 3),
(475, 'SBY', '21697', 'PAKIS_DISTRICT', 'Kirim ( Pesawat )', '2023-02-22 18:21:00', '2023-02-22', '2023-02-22 03:22:00', 'ZDA', 'ZA', 'TONDANO UTARA', 'SULAWESI UTARA', 'MDC', '113500', '0', '30000', '0', '2023-02-27', NULL, NULL, NULL, NULL, NULL, NULL, NULL, NULL, NULL, NULL, 'AGENT118', NULL, 'Inter Jatim', NULL, NULL, NULL, 4),
(476, 'SBY', '21698', 'PAKIS_DISTRICT', 'Kirim ( Pesawat )', '2023-02-22 18:21:00', '2023-02-22', '2023-02-22 03:22:00', 'ZDA', 'ZA', 'SIAU BARAT SELATAN', 'SULAWESI UTARA', 'MDC', '203000', '0', '116000', '0', '2023-02-27', NULL, NULL, NULL, NULL, NULL, NULL, NULL, NULL, NULL, NULL, 'AGENT119', NULL, 'Inter Jatim', NULL, NULL, NULL, 5),
(477, 'SBY', '21699', 'BETRO', 'Kirim ( Pesawat )', '2023-02-22 09:40:00', '2023-02-22', '2023-02-22 04:31:00', 'ZDA', 'ZA', 'TUMINTING', 'SULAWESI UTARA', '0', '106200', '0', '51700', '0', '2023-02-27', NULL, NULL, NULL, NULL, NULL, NULL, NULL, NULL, NULL, NULL, 'AGENT120', NULL, 'Inter Jatim', NULL, NULL, NULL, 6),
(478, 'SBY', '21700', 'BETRO', 'Kirim ( Pesawat )', '2023-02-22 09:40:00', '2023-02-22', '2023-02-22 05:17:00', 'ZDA', 'ZA', 'DUMOGA TIMUR', 'SULAWESI UTARA', '0', '175528', '0', '100000', '0', '2023-02-27', NULL, NULL, NULL, NULL, NULL, NULL, NULL, NULL, NULL, NULL, 'AGENT121', NULL, 'Inter Jatim', NULL, NULL, NULL, 7),
(479, 'SBY', '21701', 'BETRO', 'Kirim ( Pesawat )', '2023-02-22 09:40:00', '2023-02-22', '2023-02-22 05:17:00', 'ZDA', 'ZA', 'MAESA', 'SULAWESI UTARA', '0', '66050', '0', '41550', '0', '2023-02-27', NULL, NULL, NULL, NULL, NULL, NULL, NULL, NULL, NULL, NULL, 'AGENT122', NULL, 'Inter Jatim', NULL, NULL, NULL, 8),
(480, 'SBY', '21702', 'KADEMANGAN', 'Paket Bermasalah', '2023-02-22 08:44:00', '2023-02-22', '2023-02-14 15:27:00', 'RGLR', 'ZA', 'TAMALATE', 'SULAWESI SELATAN', '0', '0', '106000', '0', 'SPAREPART', '2023-02-27', NULL, NULL, NULL, NULL, NULL, NULL, NULL, NULL, NULL, NULL, 'AGENT123', NULL, 'Inter Jatim', NULL, NULL, NULL, 9),
(481, 'SBY', '21703', 'KADEMANGAN', 'Paket Bermasalah', '2023-02-22 08:44:00', '2023-02-22', '2023-02-14 15:29:00', 'RGLR', 'ZA', 'RAPPOCINI', 'SULAWESI SELATAN', '0', '0', '53000', '0', 'SPAREPART', '2023-02-27', NULL, NULL, NULL, NULL, NULL, NULL, NULL, NULL, NULL, NULL, 'AGENT124', NULL, 'Inter Jatim', NULL, NULL, NULL, 10),
(482, 'SBY', '21704', 'YOSOWILANGUN_1', 'Sampai', '2023-02-22 22:15:00', '2023-02-22', '2023-02-19 17:23:00', 'RGLR', 'ZA', 'MANDONGA', 'SULAWESI TENGGARA', 'KDI', '0', '0', '0', 'BIBIT ROOM', '2023-02-27', NULL, NULL, NULL, NULL, NULL, NULL, NULL, NULL, NULL, NULL, 'AGENT125', NULL, 'Inter Jatim', NULL, NULL, NULL, 11),
(483, 'SBY', '21705', 'BANYUATES_1', 'Sampai', '2023-02-22 01:57:00', '2023-02-22', '2023-02-21 19:32:00', 'RGLR', 'ZA', 'PONTIANAK UTARA', 'KALIMANTAN BARAT', 'MDR', '0', '0', '0', 'kulit sapi', '2023-02-27', NULL, NULL, NULL, NULL, NULL, NULL, NULL, NULL, NULL, NULL, 'AGENT126', NULL, 'Inter Jatim', NULL, NULL, NULL, 12),
(484, 'SBY', '21706', 'BETRO', 'Sampai', '2023-02-22 00:15:00', '2023-02-22', '2023-02-14 06:30:00', 'ZDA', 'ZA', 'MAESA', 'SULAWESI UTARA', 'MDC', '92500', '0', '8000', '8000', '2023-02-27', NULL, NULL, NULL, NULL, NULL, NULL, NULL, NULL, NULL, NULL, 'AGENT127', NULL, 'Inter Jatim', NULL, NULL, NULL, 13),
(485, 'SBY', '21707', 'BETRO', 'Sampai', '2023-02-22 20:36:00', '2023-02-22', '2023-01-31 04:42:00', 'ZDA', 'ZA', 'SUNGAI MELAYU RAYAK', 'KALIMANTAN BARAT', 'GSK2', '50270', '0', '15270', '15270', '2023-02-27', NULL, NULL, NULL, NULL, NULL, NULL, NULL, NULL, NULL, NULL, 'AGENT128', NULL, 'Inter Jatim', NULL, NULL, NULL, 14),
(486, 'SBY', '21708', 'MATESI', 'Sampai', '2023-02-22 21:11:00', '2023-02-22', '2023-02-09 19:29:00', 'ZDA', 'ZA', 'OBI TIMUR', 'MALUKU UTARA', 'BPN', '278500', '0', '#N/A', '#N/A', '2023-02-27', NULL, NULL, NULL, NULL, NULL, NULL, NULL, NULL, NULL, NULL, 'AGENT129', NULL, 'Inter Jatim', NULL, NULL, NULL, 1),
(487, 'SBY', '21709', 'SUDARMO', 'Kirim ( Pesawat )', '2023-02-22 18:21:00', '2023-02-22', '2023-02-21 03:18:00', 'ZDA', 'ZA', 'PINOLOSIAN', 'SULAWESI UTARA', 'MDC', '114000', '0', '33500', '0', '2023-02-27', NULL, NULL, NULL, NULL, NULL, NULL, NULL, NULL, NULL, NULL, 'AGENT130', NULL, 'Inter Jatim', NULL, NULL, NULL, 9);
INSERT INTO `undelives` (`id_undelive`, `Gateway`, `No_Waybill`, `AWB_DP_Out`, `Status_Saatini`, `Waktu_Scan`, `Tanggal`, `Waktu_Input_AWB`, `Sumber_AWB`, `Layanan`, `Tujuan`, `Provinsi`, `Lokasi_Selanjutnya`, `COD`, `DFOD`, `COGS`, `Nama_Barang`, `Tanggal_Share`, `Grup_Case`, `Progress`, `Status_Scan`, `Final_Result`, `Claim`, `Lightshoot`, `Tanggal_Clear`, `Status`, `SLA`, `id_group`, `Agent_Out`, `Agent_Incoming`, `Agent_Stuck`, `Lama_Stuck`, `Status_SLA`, `Nilai_Gantirugi`, `id_user`) VALUES
(488, 'SBY', '21710', 'TIDAR', 'Sampai', '2023-02-22 03:13:00', '2023-02-22', '2023-02-22 00:38:00', 'ZDA', 'ZA', 'MALINAU BARAT', 'KALIMANTAN UTARA', 'TIDAR', '153170', '0', '64170', '0', '2023-02-27', NULL, NULL, NULL, NULL, NULL, NULL, NULL, NULL, NULL, NULL, 'AGENT131', NULL, 'Inter Jatim', NULL, NULL, NULL, 9),
(489, 'SBY', '21711', 'BETRO', 'Sampai', '2023-02-22 07:37:00', '2023-02-22', '2023-02-22 06:57:00', 'ZDA', 'ZA', 'HAN PAHLAWAN', 'NANGGROE ACEH DARUSSALAM', 'BETRO', '84000', '0', '45000', '0', '2023-02-27', NULL, NULL, NULL, NULL, NULL, NULL, NULL, NULL, NULL, NULL, 'AGENT132', NULL, 'Inter Jatim', NULL, NULL, NULL, 9),
(490, 'SBY', '21712', 'INVENTORY', 'Sampai', '2023-02-23 06:43:00', '2023-02-23', '2023-02-22 09:18:00', 'LAIN - LAIN', 'ZE', 'GEDANGAN-SDA', 'JAWA TIMUR', '#N/A', '#N/A', '#N/A', '#N/A', '#N/A', '2023-02-24', NULL, NULL, NULL, NULL, NULL, NULL, NULL, NULL, NULL, NULL, 'AGENT133', NULL, 'Inter Jatim', NULL, NULL, NULL, 19),
(491, 'SBY', '21713', 'SIULAN', 'Kirim', '2023-02-23 15:05:00', '2023-02-23', '2023-02-16 18:12:00', 'ZDA', 'ZA', 'KENJERAN', 'JAWA TIMUR', 'DPS', '61709', '0', '#N/A', '#N/A', '2023-02-24', NULL, NULL, NULL, NULL, NULL, NULL, NULL, NULL, NULL, NULL, 'AGENT134', NULL, 'Inter Jatim', NULL, NULL, NULL, 6),
(492, 'SBY', '21714', 'LAMONGAN_KOTA', 'Sampai', '2023-02-23 00:37:00', '2023-02-23', '2023-02-22 14:07:00', 'RGLR', 'ZA', 'KEPUNG', 'JAWA TIMUR', 'LMG', '0', '0', '0', '0', '2023-02-24', NULL, NULL, NULL, NULL, NULL, NULL, NULL, NULL, NULL, NULL, 'AGENT135', NULL, 'Inter Jatim', NULL, NULL, NULL, 7);

-- --------------------------------------------------------

--
-- Table structure for table `users`
--

CREATE TABLE `users` (
  `id_user` bigint UNSIGNED NOT NULL,
  `name_user` varchar(60) NOT NULL,
  `email_user` varchar(60) NOT NULL,
  `username` varchar(60) NOT NULL,
  `password` varchar(255) CHARACTER SET utf8 COLLATE utf8_general_ci NOT NULL,
  `level_user` int NOT NULL,
  `info_user` text
) ENGINE=InnoDB DEFAULT CHARSET=utf8mb3;

--
-- Dumping data for table `users`
--

INSERT INTO `users` (`id_user`, `name_user`, `email_user`, `username`, `password`, `level_user`, `info_user`) VALUES
(1, 'Admin1', 'admin1@gmail.com', 'admin1', '$2y$10$7XPlD8vKetHDuc4NcHxL2uMJ4ZRUa2dsTk5QF0QGJnPd3fUBOH9Ze', 1, ''),
(2, 'Yusuf', 'yusuf@gmail.com', 'yusuf', '$2y$10$OJGiJHUVNpCA.1Gspkh1Auiau4kFMzA0zcr/u5BI4lYfpNflUoA6K', 1, ''),
(3, 'Ridha123', 'ridha123@gmail.com', 'ridha123', '$2y$10$yg.IrbVChvqQw7YQhh9CZu7PizoRYF49E9VILeylf1FtbYmQuI1MC', 1, NULL),
(4, 'Bagaz123', 'bagaz123@gmail.com', 'bagaz123', '$2y$10$22Eeu2NYG7kStt7jkCLejelbCmgphHMZ3S1eie21MY5iOKRaNYYwa', 1, NULL),
(5, 'Maisia123', 'maisia123@gmail.com', 'maisia123', '$2y$10$AOM5Ns2HLLuBuGuG71VuDumT5SOwYR277W6Fwvo6sdBc29.xUqJz.', 1, NULL),
(6, 'Haidar123', 'haidar123@gmail.com', 'haidar123', '$2y$10$HR6fz5p4RsRNHId78QfvjeKCG8g4Q8eGEY2GP1vRcjNxaBlN5wufa', 1, NULL),
(7, 'Ghora123', 'ghora123@gmail.com', 'ghora123', '$2y$10$o2iiCU3aEBr2bVZF0UzRzO.GeVn4rRDHXJ2kpzC/JLsLCFM3H8Mgy', 1, NULL),
(8, 'Anggun123', 'anggun123@gmail.com', 'anggun123', '$2y$10$7GoZgxHmiTVaOR44nOLv4uUrkfVD/D0TNCDqCkz.ULqukbXfCeQk2', 2, NULL),
(9, 'Vicky123', 'vicky123@gmail.com', 'vicky123', '$2y$10$06E6CFIRriAQ5MMFBl3PAODI/cfhL.LguawAUj2BDCM9jyKWz6sFC', 2, NULL),
(10, 'Edo123', 'edo123@gmail.com', 'edo123', '$2y$10$M7a5oGCA4SeQ04rvbVVIKOWaLlHfTmm6sAt7WyEHQUJDF0/FpxdXq', 2, NULL),
(11, 'Vira321', 'vira321@gmail.com', 'vira321', '$2y$10$3G1TFrJpXMi27Ex.Kq.J0.2QvrjTplLdEvhsk4pyMFQa8wGfwp7mC', 2, NULL),
(12, 'Ucha321', 'ucha321@gmail.com', 'ucha321', '$2y$10$zfYU5.Z9B8EJpPZHInsPneDug52G/O/Ci6gt1RcGRAsEwdQd9XOD2', 2, NULL),
(13, 'Maarif321', 'maarif321@gmail.com', 'maarif321', '$2y$10$V5HRKAr1FgYuEYj7DKz4v.OEfGrh8OO3hnqHWWxuM4tvCHIl9yPaa', 2, NULL);

--
-- Indexes for dumped tables
--

--
-- Indexes for table `groups`
--
ALTER TABLE `groups`
  ADD PRIMARY KEY (`id_group`);

--
-- Indexes for table `migrations`
--
ALTER TABLE `migrations`
  ADD PRIMARY KEY (`id`);

--
-- Indexes for table `reprints`
--
ALTER TABLE `reprints`
  ADD PRIMARY KEY (`id_reprint`),
  ADD KEY `reprints_id_group_foreign` (`id_group`);

--
-- Indexes for table `undelives`
--
ALTER TABLE `undelives`
  ADD PRIMARY KEY (`id_undelive`),
  ADD KEY `undelives_id_group_foreign` (`id_group`);

--
-- Indexes for table `users`
--
ALTER TABLE `users`
  ADD PRIMARY KEY (`id_user`),
  ADD UNIQUE KEY `email_user` (`email_user`),
  ADD UNIQUE KEY `username` (`username`);

--
-- AUTO_INCREMENT for dumped tables
--

--
-- AUTO_INCREMENT for table `groups`
--
ALTER TABLE `groups`
  MODIFY `id_group` bigint UNSIGNED NOT NULL AUTO_INCREMENT, AUTO_INCREMENT=31;

--
-- AUTO_INCREMENT for table `migrations`
--
ALTER TABLE `migrations`
  MODIFY `id` bigint UNSIGNED NOT NULL AUTO_INCREMENT, AUTO_INCREMENT=195;

--
-- AUTO_INCREMENT for table `reprints`
--
ALTER TABLE `reprints`
  MODIFY `id_reprint` bigint UNSIGNED NOT NULL AUTO_INCREMENT;

--
-- AUTO_INCREMENT for table `undelives`
--
ALTER TABLE `undelives`
  MODIFY `id_undelive` bigint UNSIGNED NOT NULL AUTO_INCREMENT, AUTO_INCREMENT=493;

--
-- AUTO_INCREMENT for table `users`
--
ALTER TABLE `users`
  MODIFY `id_user` bigint UNSIGNED NOT NULL AUTO_INCREMENT, AUTO_INCREMENT=15;

--
-- Constraints for dumped tables
--

--
-- Constraints for table `reprints`
--
ALTER TABLE `reprints`
  ADD CONSTRAINT `reprints_id_group_foreign` FOREIGN KEY (`id_group`) REFERENCES `groups` (`id_group`);

--
-- Constraints for table `undelives`
--
ALTER TABLE `undelives`
  ADD CONSTRAINT `undelives_id_group_foreign` FOREIGN KEY (`id_group`) REFERENCES `groups` (`id_group`);
COMMIT;

/*!40101 SET CHARACTER_SET_CLIENT=@OLD_CHARACTER_SET_CLIENT */;
/*!40101 SET CHARACTER_SET_RESULTS=@OLD_CHARACTER_SET_RESULTS */;
/*!40101 SET COLLATION_CONNECTION=@OLD_COLLATION_CONNECTION */;
